model,steps,endpoint,qubits,depth,ry,rz,rxx,reset,measure,evolution_block_rxx,evolution_block_depth
QR1,1,1,10,46,21,30,135,14,10,45,18
QR1,2,1,10,79,21,60,270,14,10,90,29
QR1,4,1,10,145,21,120,540,14,10,180,51
QR1,8,1,10,277,21,240,1080,14,10,360,95
QR2,1,1,10,46,21,30,135,14,10,45,18
QR2,1,2,10,57,21,40,180,14,10,45,18
QR2,2,1,10,79,21,60,270,14,10,90,29
QR2,2,2,10,101,21,80,360,14,10,90,29
QR2,4,1,10,145,21,120,540,14,10,180,51
QR2,4,2,10,189,21,160,720,14,10,180,51
QR2,8,1,10,277,21,240,1080,14,10,360,95
QR2,8,2,10,365,21,320,1440,14,10,360,95
