model,window,regime,mse,months,records
AR1,120,Low,0.21400094101939504,19,19
AR1,120,Middle,0.04245506274653278,39,39
AR1,120,High,0.28791210318518706,46,46
AR1,571,Low,0.24904188107524358,19,19
AR1,571,Middle,0.055825993767748265,39,39
AR1,571,High,0.2470819313390947,46,46
AR3,120,Low,0.22473614728284408,19,19
AR3,120,Middle,0.04525316307396798,39,39
AR3,120,High,0.3057389710231099,46,46
AR3,571,Low,0.2611215356093329,19,19
AR3,571,Middle,0.05684956789110654,39,39
AR3,571,High,0.26858910283574783,46,46
ARMAX,120,Low,0.2249660592739003,18,18
ARMAX,120,Middle,0.11332347083003501,39,39
ARMAX,120,High,0.3799782357058851,46,46
ARMAX,571,Low,0.2511954263366255,19,19
ARMAX,571,Middle,0.08018581697202534,39,39
ARMAX,571,High,0.27648551664891163,45,45
CRL,120,Low,0.22494035025938452,19,95
CRL,120,Middle,0.045236841730223666,39,195
CRL,120,High,0.30553408205542176,46,230
CRL,571,Low,0.26026629237222454,19,95
CRL,571,Middle,0.056575338270434775,39,195
CRL,571,High,0.26925412371082497,46,230
CRLX,120,Low,0.18912845263146383,19,95
CRLX,120,Middle,0.10066155255393607,39,195
CRLX,120,High,0.4284072893034244,46,230
CRLX,571,Low,0.23593655162780955,19,95
CRLX,571,Middle,0.056325827687439094,39,195
CRLX,571,High,0.25524282117065555,46,230
HAR,120,Low,0.22649224472785504,19,19
HAR,120,Middle,0.046099742050920295,39,39
HAR,120,High,0.30251183880423527,46,46
HAR,571,Low,0.26716462166507327,19,19
HAR,571,Middle,0.05256218462860718,39,39
HAR,571,High,0.26816545456036955,46,46
HARX,120,Low,0.140702790992694,19,19
HARX,120,Middle,0.0647929660760821,39,39
HARX,120,High,0.4113050975130188,46,46
HARX,571,Low,0.23255017932805525,19,19
HARX,571,Middle,0.051367552205734336,39,39
HARX,571,High,0.24722958776737997,46,46
LSTM,120,Low,0.25490102805645193,19,95
LSTM,120,Middle,0.03485554995645496,39,195
LSTM,120,High,0.41152039469929647,46,230
LSTM,571,Low,0.2844623847371339,19,95
LSTM,571,Middle,0.06110050274372031,39,195
LSTM,571,High,0.28874253373439634,46,230
LSTMX,120,Low,0.21675309496953943,19,95
LSTMX,120,Middle,0.06712771417009929,39,195
LSTMX,120,High,0.3837797718366506,46,230
LSTMX,571,Low,0.27001249967236707,19,95
LSTMX,571,Middle,0.059394828370889045,39,195
LSTMX,571,High,0.26060377008297586,46,230
Persistence,120,Low,0.2528247001855178,19,19
Persistence,120,Middle,0.11080015085457642,39,39
Persistence,120,High,0.31864741033826266,46,46
Persistence,571,Low,0.2528247001855178,19,19
Persistence,571,Middle,0.11080015085457642,39,39
Persistence,571,High,0.31864741033826266,46,46
QR1,120,Low,0.23610958438988672,19,95
QR1,120,Middle,0.05847285782387759,39,195
QR1,120,High,0.3439828937135998,46,230
QR1,571,Low,0.28524437825093907,19,95
QR1,571,Middle,0.0620663708296474,39,195
QR1,571,High,0.2369969117697863,46,230
QR2,120,Low,0.22271733872310998,19,95
QR2,120,Middle,0.07438968017270618,39,195
QR2,120,High,0.37619736365867223,46,230
QR2,571,Low,0.2577874112894294,19,95
QR2,571,Middle,0.057675235254231905,39,195
QR2,571,High,0.23730823295471576,46,230
