model,feature,variance
QR1,v1_q0,0.08974142288115866
QR1,v1_q1,0.11289951038231479
QR1,v1_q2,0.1966322268330529
QR1,v1_q3,8.10702436150429e-05
QR1,v1_q4,0.03393790582036858
QR1,v1_q5,0.06173722352011764
QR1,v1_q6,0.0777606444625027
QR1,v1_q7,0.0002478611455767146
QR1,v1_q8,0.0001864478060030989
QR1,v1_q9,0.0005889895592178354
QR2,v1_q0,0.11706114614164982
QR2,v1_q1,0.13169039497135893
QR2,v1_q2,0.0795369204564792
QR2,v1_q3,0.039728583916153574
QR2,v1_q4,0.23489635242924306
QR2,v1_q5,2.4051078295476626e-05
QR2,v1_q6,0.09638134996764877
QR2,v1_q7,0.0002970633051023166
QR2,v1_q8,0.0002686038285041104
QR2,v1_q9,0.0003275041691594762
QR2,v2_q0,0.08389561580198089
QR2,v2_q1,0.10780384732987787
QR2,v2_q2,0.06115752132197936
QR2,v2_q3,0.02751398408221613
QR2,v2_q4,0.17742663147193363
QR2,v2_q5,6.507023853539376e-05
QR2,v2_q6,0.08114483360265483
QR2,v2_q7,0.0003882904994828193
QR2,v2_q8,0.000388348766294644
QR2,v2_q9,0.0006033719115707462
