model,window,target_month,absolute_difference
QR1,120,2018-01-31,1.7719159473017498e-13
QR1,120,2018-02-28,4.2721381987576024e-13
QR1,120,2018-03-31,5.000444502911705e-13
QR1,120,2018-04-30,3.1530333899354446e-14
QR1,120,2018-05-31,7.087663789206999e-13
QR1,120,2018-06-30,5.098144129078719e-13
QR1,120,2018-07-31,9.769962616701378e-15
QR1,120,2018-08-31,2.0294876890147862e-13
QR1,120,2018-09-30,6.838973831690964e-14
QR1,120,2018-10-31,2.6068036618198676e-13
QR1,120,2018-11-30,4.560796185160143e-13
QR1,120,2018-12-31,1.0258460747536446e-13
QR1,120,2019-01-31,8.286704655802168e-13
QR1,120,2019-02-28,8.073541835074138e-13
QR1,120,2019-03-31,4.2543746303636e-13
QR1,120,2019-04-30,1.0382805726294464e-12
QR1,120,2019-05-31,1.758593271006248e-13
QR1,120,2019-06-30,7.713829575095588e-13
QR1,120,2019-07-31,1.098676705169055e-12
QR1,120,2019-08-31,1.1102230246251565e-13
QR1,120,2019-09-30,6.972200594645983e-14
QR1,120,2019-10-31,1.291411422243982e-12
QR1,120,2019-11-30,1.9095836023552692e-13
QR1,120,2019-12-31,2.8421709430404007e-13
QR1,120,2020-01-31,4.933831121434196e-13
QR1,120,2020-02-29,1.1115552922547067e-12
QR1,120,2020-03-31,5.506706202140776e-13
QR1,120,2020-04-30,4.39648317751562e-14
QR1,120,2020-05-31,4.191758051774741e-12
QR1,120,2020-06-30,8.775202786637237e-13
QR1,120,2020-07-31,7.842615445952106e-13
QR1,120,2020-08-31,8.038014698286133e-13
QR1,120,2020-09-30,1.3500311979441904e-13
QR1,120,2020-10-31,4.689582056016661e-13
QR1,120,2020-11-30,3.2018832030189515e-13
QR1,120,2020-12-31,3.9035441545820504e-13
QR1,120,2021-01-31,3.863576125695545e-14
QR1,120,2021-02-28,1.0036416142611415e-13
QR1,120,2021-03-31,1.6342482922482304e-13
QR1,120,2021-04-30,1.3500311979441904e-13
QR1,120,2021-05-31,7.815970093361102e-14
QR1,120,2021-06-30,1.6431300764452317e-14
QR1,120,2021-07-31,5.81756864903582e-13
QR1,120,2021-08-31,1.8740564655672642e-13
QR1,120,2021-09-30,1.723066134218243e-13
QR1,120,2021-10-31,1.6564527527407336e-13
QR1,120,2021-11-30,3.7925218521195347e-13
QR1,120,2021-12-31,4.982680934517703e-13
QR1,120,2022-01-31,3.9834802123550617e-13
QR1,120,2022-02-28,1.5765166949677223e-12
QR1,120,2022-03-31,1.170619157164765e-12
QR1,120,2022-04-30,5.81312775693732e-13
QR1,120,2022-05-31,3.0331293032759277e-13
QR1,120,2022-06-30,4.0678571622265736e-13
QR1,120,2022-07-31,3.5704772471945034e-13
QR1,120,2022-08-31,4.454214774796128e-13
QR1,120,2022-09-30,2.5579538487363607e-13
QR1,120,2022-10-31,5.493383525845275e-13
QR1,120,2022-11-30,4.591882429849647e-13
QR1,120,2022-12-31,2.1760371282653068e-14
QR1,120,2023-01-31,4.476419235288631e-13
QR1,120,2023-02-28,1.0462741784067475e-12
QR1,120,2023-03-31,5.17808018685173e-13
QR1,120,2023-04-30,3.4638958368304884e-14
QR1,120,2023-05-31,3.0953017926549364e-13
QR1,120,2023-06-30,2.1183055309847987e-13
QR1,120,2023-07-31,7.815970093361102e-14
QR1,120,2023-08-31,1.1368683772161603e-13
QR1,120,2023-09-30,1.971756091734278e-13
QR1,120,2023-10-31,4.796163466380676e-14
QR1,120,2023-11-30,7.549516567451064e-15
QR1,120,2023-12-31,3.2862601528904634e-14
QR1,120,2024-01-31,4.39648317751562e-13
QR1,120,2024-02-29,6.794564910705958e-14
QR1,120,2024-03-31,9.059419880941277e-14
QR1,120,2024-04-30,3.4638958368304884e-14
QR1,120,2024-05-31,1.2212453270876722e-13
QR1,120,2024-06-30,2.6689761511988763e-13
QR1,120,2024-07-31,8.881784197001252e-15
QR1,120,2024-08-31,1.4210854715202004e-13
QR1,120,2024-09-30,8.970602038971265e-14
QR1,120,2024-10-31,2.1005419625907962e-13
QR1,120,2024-11-30,1.4477308241112041e-13
QR1,120,2024-12-31,4.263256414560601e-13
QR1,120,2025-01-31,1.5010215292932116e-13
QR1,120,2025-02-28,3.1796787425264483e-13
QR1,120,2025-03-31,4.75175454539567e-14
QR1,120,2025-04-30,1.687538997430238e-13
QR1,120,2025-05-31,2.8821389719269064e-13
QR1,120,2025-06-30,2.1183055309847987e-12
QR1,120,2025-07-31,1.319389042464536e-12
QR1,120,2025-08-31,1.2523315717771766e-13
QR1,120,2025-09-30,2.495781359357352e-13
QR1,120,2025-10-31,2.0872192862952943e-14
QR1,120,2025-11-30,6.870060076380469e-13
QR1,120,2025-12-31,2.6645352591003757e-14
QR1,120,2026-01-31,2.69562150378988e-13
QR1,120,2026-02-28,1.9095836023552692e-14
QR1,120,2026-03-31,2.1760371282653068e-14
QR1,120,2026-04-30,1.234568003383174e-13
QR1,120,2026-05-31,1.2878587085651816e-14
QR1,120,2026-06-30,6.750155989720952e-13
QR1,120,2026-07-31,3.410605131648481e-13
QR1,120,2026-08-31,4.3787196091216174e-13
QR1,571,2018-01-31,1.4988010832439613e-12
QR1,571,2018-02-28,1.6773249456036865e-12
QR1,571,2018-03-31,2.4868995751603507e-14
QR1,571,2018-04-30,3.765876499528531e-13
QR1,571,2018-05-31,1.6511236822225328e-12
QR1,571,2018-06-30,3.573585871663454e-12
QR1,571,2018-07-31,2.4158453015843406e-13
QR1,571,2018-08-31,1.6835421945415874e-12
QR1,571,2018-09-30,2.389199948993337e-13
QR1,571,2018-10-31,2.318145675417327e-13
QR1,571,2018-11-30,2.0818902157770935e-12
QR1,571,2018-12-31,6.687983500341943e-13
QR1,571,2019-01-31,1.0635936575909e-12
QR1,571,2019-02-28,4.938272013532696e-12
QR1,571,2019-03-31,6.67021993194794e-13
QR1,571,2019-04-30,1.2079226507921703e-12
QR1,571,2019-05-31,1.6910917111090384e-12
QR1,571,2019-06-30,1.8420820424580597e-12
QR1,571,2019-07-31,3.3666402998733247e-12
QR1,571,2019-08-31,1.1546319456101628e-14
QR1,571,2019-09-30,1.2883027977750316e-12
QR1,571,2019-10-31,2.616129535226719e-12
QR1,571,2019-11-30,3.8768988019910466e-13
QR1,571,2019-12-31,2.5268676040468563e-13
QR1,571,2020-01-31,2.602362769721367e-13
QR1,571,2020-02-29,4.107825191113079e-13
QR1,571,2020-03-31,1.944222560723574e-12
QR1,571,2020-04-30,2.1951329642888595e-12
QR1,571,2020-05-31,1.0766498803604918e-11
QR1,571,2020-06-30,4.5918824298496475e-12
QR1,571,2020-07-31,7.047695760320494e-13
QR1,571,2020-08-31,2.7062796448262816e-12
QR1,571,2020-09-30,8.353318037279678e-13
QR1,571,2020-10-31,3.071320975323033e-12
QR1,571,2020-11-30,1.3624656958199921e-12
QR1,571,2020-12-31,9.836575998178887e-13
QR1,571,2021-01-31,6.483702463810914e-14
QR1,571,2021-02-28,1.270095140171179e-13
QR1,571,2021-03-31,8.735234757750732e-13
QR1,571,2021-04-30,6.905587213168474e-13
QR1,571,2021-05-31,3.2729374765949615e-13
QR1,571,2021-06-30,6.901146321069973e-13
QR1,571,2021-07-31,1.461053500406706e-12
QR1,571,2021-08-31,5.297984273511247e-13
QR1,571,2021-09-30,1.1191048088221578e-13
QR1,571,2021-10-31,9.49906819869284e-13
QR1,571,2021-11-30,4.5430326167661406e-13
QR1,571,2021-12-31,9.885425811262394e-13
QR1,571,2022-01-31,4.583000645652646e-13
QR1,571,2022-02-28,3.632649736573512e-12
QR1,571,2022-03-31,6.052935930256353e-13
QR1,571,2022-04-30,4.639844064513454e-12
QR1,571,2022-05-31,2.511768570911954e-12
QR1,571,2022-06-30,9.880984919163893e-13
QR1,571,2022-07-31,3.467892639719139e-12
QR1,571,2022-08-31,1.0755840662568517e-12
QR1,571,2022-09-30,1.240785252321075e-12
QR1,571,2022-10-31,3.8191672047105385e-13
QR1,571,2022-11-30,1.716848885280342e-12
QR1,571,2022-12-31,3.601563491884008e-12
QR1,571,2023-01-31,4.2876813211023546e-12
QR1,571,2023-02-28,4.618527782440651e-12
QR1,571,2023-03-31,2.7347013542566856e-12
QR1,571,2023-04-30,5.382361223382759e-13
QR1,571,2023-05-31,3.4994229736184934e-13
QR1,571,2023-06-30,3.1441516057384433e-13
QR1,571,2023-07-31,2.5757174171303632e-14
QR1,571,2023-08-31,4.574118861455645e-13
QR1,571,2023-09-30,4.2099657093785936e-13
QR1,571,2023-10-31,9.450218385609332e-13
QR1,571,2023-11-30,5.835332217429823e-13
QR1,571,2023-12-31,1.930455795218222e-12
QR1,571,2024-01-31,5.595524044110789e-13
QR1,571,2024-02-29,2.993161274389422e-13
QR1,571,2024-03-31,4.654054919228656e-13
QR1,571,2024-04-30,8.570921750106208e-14
QR1,571,2024-05-31,1.482369782479509e-12
QR1,571,2024-06-30,1.7541523789077473e-13
QR1,571,2024-07-31,9.210410212290299e-13
QR1,571,2024-08-31,3.339550858072471e-13
QR1,571,2024-09-30,7.993605777301127e-14
QR1,571,2024-10-31,1.3855583347321954e-13
QR1,571,2024-11-30,5.115907697472721e-13
QR1,571,2024-12-31,8.215650382226158e-14
QR1,571,2025-01-31,2.162714451969805e-13
QR1,571,2025-02-28,1.2088108292118704e-12
QR1,571,2025-03-31,3.623767952376511e-13
QR1,571,2025-04-30,1.2896350654045818e-12
QR1,571,2025-05-31,9.090506125630782e-13
QR1,571,2025-06-30,6.155076448521868e-13
QR1,571,2025-07-31,9.992007221626409e-13
QR1,571,2025-08-31,1.1288747714388592e-12
QR1,571,2025-09-30,5.155875726359227e-13
QR1,571,2025-10-31,2.042810365310288e-13
QR1,571,2025-11-30,6.585842982076429e-13
QR1,571,2025-12-31,5.53335155473178e-13
QR1,571,2026-01-31,1.8962609260597674e-13
QR1,571,2026-02-28,2.184918912462308e-13
QR1,571,2026-03-31,8.446576771348191e-13
QR1,571,2026-04-30,3.765876499528531e-13
QR1,571,2026-05-31,6.3860028376439e-13
QR1,571,2026-06-30,3.9612757518625585e-13
QR1,571,2026-07-31,3.9879211044535623e-13
QR1,571,2026-08-31,2.0872192862952943e-13
QR2,120,2018-01-31,4.362199490515195e-11
QR2,120,2018-02-28,2.807398757909141e-11
QR2,120,2018-03-31,1.3424550360241483e-10
QR2,120,2018-04-30,7.664624490644201e-11
QR2,120,2018-05-31,3.779021540140093e-11
QR2,120,2018-06-30,2.7712054873063607e-11
QR2,120,2018-07-31,1.88005166990024e-11
QR2,120,2018-08-31,1.2295053863908834e-11
QR2,120,2018-09-30,4.594991054318598e-11
QR2,120,2018-10-31,3.310196561301382e-11
QR2,120,2018-11-30,2.6571633782168647e-11
QR2,120,2018-12-31,6.426326137898286e-11
QR2,120,2019-01-31,1.6607426545078852e-10
QR2,120,2019-02-28,9.951151014320203e-11
QR2,120,2019-03-31,6.652456363553938e-13
QR2,120,2019-04-30,1.3160583733906606e-11
QR2,120,2019-05-31,1.7678303265711293e-11
QR2,120,2019-06-30,2.5262458791530662e-11
QR2,120,2019-07-31,2.1317170251222706e-11
QR2,120,2019-08-31,4.7202242114963155e-11
QR2,120,2019-09-30,6.299405441723138e-12
QR2,120,2019-10-31,1.5874412895300338e-11
QR2,120,2019-11-30,2.3448354369293156e-11
QR2,120,2019-12-31,3.5780711726829395e-11
QR2,120,2020-01-31,3.169908779909747e-12
QR2,120,2020-02-29,9.545253476517246e-12
QR2,120,2020-03-31,8.077183366594909e-11
QR2,120,2020-04-30,2.8429836262944264e-10
QR2,120,2020-05-31,5.130118552187923e-12
QR2,120,2020-06-30,1.3328493864150914e-10
QR2,120,2020-07-31,4.901501426957111e-11
QR2,120,2020-08-31,9.07656172444149e-11
QR2,120,2020-09-30,5.6779470014589606e-11
QR2,120,2020-10-31,3.540456816608639e-11
QR2,120,2020-11-30,3.4639402457514734e-11
QR2,120,2020-12-31,3.539213366821059e-11
QR2,120,2021-01-31,8.414779983922926e-11
QR2,120,2021-02-28,4.092903793662117e-11
QR2,120,2021-03-31,5.128031332901628e-11
QR2,120,2021-04-30,2.6424640253708276e-11
QR2,120,2021-05-31,7.505507326754923e-11
QR2,120,2021-06-30,4.2809311651126336e-11
QR2,120,2021-07-31,7.100631194134621e-11
QR2,120,2021-08-31,1.2617018541050129e-11
QR2,120,2021-09-30,4.221067939624845e-12
QR2,120,2021-10-31,9.669332001749353e-11
QR2,120,2021-11-30,7.120881662103784e-11
QR2,120,2021-12-31,1.5844037193346594e-10
QR2,120,2022-01-31,1.972200180944128e-11
QR2,120,2022-02-28,3.4683322880368905e-10
QR2,120,2022-03-31,2.6849633627534786e-11
QR2,120,2022-04-30,5.946665382339233e-11
QR2,120,2022-05-31,4.218758675733625e-11
QR2,120,2022-06-30,4.183187130024635e-11
QR2,120,2022-07-31,6.525668894141745e-11
QR2,120,2022-08-31,1.6541168434969222e-10
QR2,120,2022-09-30,9.15267861500979e-13
QR2,120,2022-10-31,3.4848124386144264e-11
QR2,120,2022-11-30,5.2807980210900496e-11
QR2,120,2022-12-31,2.665290210757121e-10
QR2,120,2023-01-31,4.8552273312907346e-12
QR2,120,2023-02-28,1.7557066911422226e-11
QR2,120,2023-03-31,2.7267965663213545e-11
QR2,120,2023-04-30,5.682032622189581e-11
QR2,120,2023-05-31,7.908340649009915e-12
QR2,120,2023-06-30,5.38991073995021e-12
QR2,120,2023-07-31,3.360778322303304e-11
QR2,120,2023-08-31,9.380052290453023e-12
QR2,120,2023-09-30,1.375699554273524e-11
QR2,120,2023-10-31,1.4636070133633439e-10
QR2,120,2023-11-30,2.4156232569794156e-11
QR2,120,2023-12-31,4.480016357888417e-11
QR2,120,2024-01-31,2.5561774918969604e-11
QR2,120,2024-02-29,8.911271720535296e-11
QR2,120,2024-03-31,4.695621669270622e-11
QR2,120,2024-04-30,3.361666500723004e-11
QR2,120,2024-05-31,8.332889933626575e-12
QR2,120,2024-06-30,2.3028690065984847e-11
QR2,120,2024-07-31,6.962785903397162e-11
QR2,120,2024-08-31,3.40421024702664e-11
QR2,120,2024-09-30,1.1938894317609083e-11
QR2,120,2024-10-31,1.148592332356202e-11
QR2,120,2024-11-30,9.965361869035405e-13
QR2,120,2024-12-31,9.000622469557129e-11
QR2,120,2025-01-31,5.820766091346741e-11
QR2,120,2025-02-28,5.065192709707844e-11
QR2,120,2025-03-31,1.744115962765136e-11
QR2,120,2025-04-30,6.41882103025182e-11
QR2,120,2025-05-31,1.5974332967516602e-11
QR2,120,2025-06-30,3.3663738463474147e-11
QR2,120,2025-07-31,1.737276988933445e-12
QR2,120,2025-08-31,6.767919558114954e-12
QR2,120,2025-09-30,4.639399975303604e-11
QR2,120,2025-10-31,1.2093881451846755e-11
QR2,120,2025-11-30,1.2587264563990175e-11
QR2,120,2025-12-31,1.658984061236879e-11
QR2,120,2026-01-31,3.0663027672517273e-11
QR2,120,2026-02-28,7.30038252072518e-12
QR2,120,2026-03-31,6.772360450213455e-12
QR2,120,2026-04-30,6.23883167349959e-11
QR2,120,2026-05-31,1.1259437826538488e-11
QR2,120,2026-06-30,2.786659791809143e-11
QR2,120,2026-07-31,2.0623946994646758e-11
QR2,120,2026-08-31,5.666578317686799e-12
QR2,571,2018-01-31,1.0045297926808416e-11
QR2,571,2018-02-28,1.7136514429694216e-11
QR2,571,2018-03-31,2.7827518067624624e-11
QR2,571,2018-04-30,1.1429523993911062e-11
QR2,571,2018-05-31,2.4282797994601424e-11
QR2,571,2018-06-30,5.324007901208461e-11
QR2,571,2018-07-31,3.160982586791761e-11
QR2,571,2018-08-31,1.0647038806155251e-11
QR2,571,2018-09-30,2.085798200823774e-11
QR2,571,2018-10-31,3.888223076842223e-11
QR2,571,2018-11-30,7.106759625230552e-12
QR2,571,2018-12-31,3.298250561556415e-12
QR2,571,2019-01-31,8.856915201249649e-11
QR2,571,2019-02-28,2.800426557314495e-11
QR2,571,2019-03-31,4.7191583973926754e-11
QR2,571,2019-04-30,3.253308733519589e-11
QR2,571,2019-05-31,1.2599254972656126e-11
QR2,571,2019-06-30,3.933742220851855e-12
QR2,571,2019-07-31,3.5852654178825105e-11
QR2,571,2019-08-31,1.5569767697343195e-12
QR2,571,2019-09-30,2.1933566074494593e-12
QR2,571,2019-10-31,2.310951430217756e-11
QR2,571,2019-11-30,2.078337502098293e-13
QR2,571,2019-12-31,1.1497469643018121e-12
QR2,571,2020-01-31,6.66933175352824e-12
QR2,571,2020-02-29,1.8554935365955316e-11
QR2,571,2020-03-31,3.289235550596459e-11
QR2,571,2020-04-30,8.295542031078185e-11
QR2,571,2020-05-31,2.354116901415182e-12
QR2,571,2020-06-30,1.3717915692268434e-12
QR2,571,2020-07-31,8.322231792590173e-12
QR2,571,2020-08-31,1.3091749906379846e-12
QR2,571,2020-09-30,6.602274282840881e-12
QR2,571,2020-10-31,2.2607693495046988e-11
QR2,571,2020-11-30,1.2172485241990216e-12
QR2,571,2020-12-31,5.1385562471750745e-12
QR2,571,2021-01-31,5.997868868234946e-12
QR2,571,2021-02-28,2.6052493495853923e-11
QR2,571,2021-03-31,9.089617947211082e-12
QR2,571,2021-04-30,7.077449737380448e-12
QR2,571,2021-05-31,1.3578027591165664e-11
QR2,571,2021-06-30,4.747313653297169e-13
QR2,571,2021-07-31,1.0901946012609187e-11
QR2,571,2021-08-31,2.218669692410913e-12
QR2,571,2021-09-30,3.794742298168785e-12
QR2,571,2021-10-31,4.969802347432051e-12
QR2,571,2021-11-30,8.269385176618016e-12
QR2,571,2021-12-31,1.2706280472229992e-11
QR2,571,2022-01-31,2.3205881660715022e-11
QR2,571,2022-02-28,1.2606982124907518e-10
QR2,571,2022-03-31,4.0175862636715465e-11
QR2,571,2022-04-30,1.6485035558844174e-11
QR2,571,2022-05-31,1.6432100125030047e-10
QR2,571,2022-06-30,3.063771458755582e-12
QR2,571,2022-07-31,1.2397061155411393e-10
QR2,571,2022-08-31,4.583444734862496e-12
QR2,571,2022-09-30,1.8639312315826828e-11
QR2,571,2022-10-31,3.069899889851513e-11
QR2,571,2022-11-30,3.134692505568637e-11
QR2,571,2022-12-31,2.5921487178948155e-12
QR2,571,2023-01-31,4.18376444599744e-12
QR2,571,2023-02-28,2.369660023759934e-11
QR2,571,2023-03-31,8.246203719863843e-11
QR2,571,2023-04-30,3.774802692646517e-11
QR2,571,2023-05-31,1.872724197937714e-11
QR2,571,2023-06-30,7.203571072977866e-12
QR2,571,2023-07-31,4.921396623558394e-12
QR2,571,2023-08-31,2.8049118583339805e-11
QR2,571,2023-09-30,1.3021583811223536e-11
QR2,571,2023-10-31,6.59250432022418e-11
QR2,571,2023-11-30,9.259704114583656e-12
QR2,571,2023-12-31,3.5001335163542535e-11
QR2,571,2024-01-31,8.208544954868557e-12
QR2,571,2024-02-29,2.6290081223123707e-11
QR2,571,2024-03-31,2.951416888663516e-12
QR2,571,2024-04-30,2.5194957231633452e-11
QR2,571,2024-05-31,2.8104185645361213e-11
QR2,571,2024-06-30,1.9531043449205754e-12
QR2,571,2024-07-31,2.949596122903131e-11
QR2,571,2024-08-31,3.68638453096537e-11
QR2,571,2024-09-30,1.1739054173176555e-11
QR2,571,2024-10-31,1.3953282973488967e-12
QR2,571,2024-11-30,1.2226220036382074e-11
QR2,571,2024-12-31,5.95701266092874e-12
QR2,571,2025-01-31,1.4574563778069205e-11
QR2,571,2025-02-28,1.800337656732154e-11
QR2,571,2025-03-31,1.2426504270024452e-11
QR2,571,2025-04-30,8.01891886226258e-12
QR2,571,2025-05-31,9.177103521551544e-12
QR2,571,2025-06-30,3.397948589167754e-11
QR2,571,2025-07-31,3.489386557475882e-11
QR2,571,2025-08-31,1.9672263817938074e-11
QR2,571,2025-09-30,2.041744551206648e-11
QR2,571,2025-10-31,2.5563995365018854e-11
QR2,571,2025-11-30,5.750777631874371e-11
QR2,571,2025-12-31,5.737632591262809e-13
QR2,571,2026-01-31,1.0740297540223764e-11
QR2,571,2026-02-28,1.2887468869848817e-11
QR2,571,2026-03-31,7.344347352500336e-12
QR2,571,2026-04-30,3.6273206660553114e-11
QR2,571,2026-05-31,1.6821211090700672e-11
QR2,571,2026-06-30,2.2795099141603714e-12
QR2,571,2026-07-31,5.403455460850637e-11
QR2,571,2026-08-31,2.3775204027742802e-11
