order,gate,qubits,angle_radians
1,rxx,"0,1",0.2128056341878216
2,rxx,"0,2",0.0135827518197852
3,rxx,"0,3",0.1381880550139938
4,rxx,"0,4",0.2714465056448214
5,rxx,"0,5",0.3332028984876704
6,rxx,"0,6",0.1982115330314374
7,rxx,"0,7",0.2663117295955802
8,rxx,"0,8",0.2550894957837154
9,rxx,"0,9",0.3650838396217702
10,rxx,"1,2",0.1924289734719476
11,rxx,"1,3",0.0828192105536718
12,rxx,"1,4",0.2061183768961918
13,rxx,"1,5",0.0813526123476534
14,rxx,"1,6",0.2081113228782928
15,rxx,"1,7",0.287875938525839
16,rxx,"1,8",0.1562531679508444
17,rxx,"1,9",0.2725860283723462
18,rxx,"2,3",0.153342572860138
19,rxx,"2,4",0.237120730833257
20,rxx,"2,5",0.2470150894218088
21,rxx,"2,6",0.2132609291311886
22,rxx,"2,7",0.2785840162159022
23,rxx,"2,8",0.2381339513201264
24,rxx,"2,9",0.1303847946152092
25,rxx,"3,4",0.1692160634100404
26,rxx,"3,5",0.072293584893151
27,rxx,"3,6",0.2089886583966316
28,rxx,"3,7",0.3614735651385566
29,rxx,"3,8",0.3371184341394094
30,rxx,"3,9",0.2394239773051644
31,rxx,"4,5",0.2403954698720204
32,rxx,"4,6",0.1030770864315832
33,rxx,"4,7",0.2201450961908092
34,rxx,"4,8",0.0977488055698964
35,rxx,"4,9",0.3555461326146826
36,rxx,"5,6",0.2199983344015252
37,rxx,"5,7",0.239447030690745
38,rxx,"5,8",0.1891825588327488
39,rxx,"5,9",0.197828094296616
40,rxx,"6,7",0.3062449918088722
41,rxx,"6,8",0.21096556458488
42,rxx,"6,9",0.0498395384187584
43,rxx,"7,8",0.3687115567700816
44,rxx,"7,9",0.2808306749476816
45,rxx,"8,9",0.317344367959366
46,rz,0,2.0
47,rz,1,2.0
48,rz,2,2.0
49,rz,3,2.0
50,rz,4,2.0
51,rz,5,2.0
52,rz,6,2.0
53,rz,7,2.0
54,rz,8,2.0
55,rz,9,2.0
