model,target_month,stage,hidden_purity,min_eigenvalue,trace_error,hermiticity_error
QR1,2018-01-31,1,0.7046845559966389,1.5726869187216798e-05,7.843454406588755e-16,2.1932270425369902e-16
QR1,2018-01-31,2,0.5727903463679364,0.0002210856138831584,2.8112848601689946e-16,5.121701844347865e-16
QR1,2018-01-31,3,0.47756046413921716,0.0005508724367446385,6.286170553986872e-16,8.056830884052809e-16
QR1,2018-10-31,1,0.7230832379339275,1.3365998608905938e-05,7.783364258363582e-16,8.61250279468678e-17
QR1,2018-10-31,2,0.589860617436747,0.00018981376143499258,6.134760984818937e-16,5.931143337054121e-16
QR1,2018-10-31,3,0.4892150606918858,0.0004871727306120666,1.3220822495824344e-15,9.294251456703715e-16
QR1,2019-08-31,1,0.7270388616484903,1.2343990901637018e-05,2.27938800592118e-16,9.731040076346503e-17
QR1,2019-08-31,2,0.6012193837862646,0.0001748034521769523,6.667144694158558e-16,1.6711969799862921e-16
QR1,2019-08-31,3,0.5042760132707489,0.00046417053976349277,4.47450910853283e-16,1.214306433183765e-16
QR1,2020-05-31,1,0.7372380084741336,1.0489851416798242e-05,4.441317764121188e-16,5.76648802964689e-17
QR1,2020-05-31,2,0.6275971975592868,0.00014244555746037232,1.1133588572741683e-15,1.6884631686092075e-16
QR1,2020-05-31,3,0.5114286692229877,0.00036602471838123,1.5545988674267622e-15,1.6939998869943826e-16
QR1,2021-02-28,1,0.7248714332342208,2.1072770583024528e-05,1.4457145115273435e-15,1.84967021443285e-16
QR1,2021-02-28,2,0.6040540151770537,0.00018796785711201533,1.2218710613588272e-15,1.4516049632883234e-16
QR1,2021-02-28,3,0.5191500375973341,0.00042851021434357,3.745649734375039e-16,2.583832944353636e-16
QR1,2021-12-31,1,0.7220605807447311,1.2222416858734295e-05,2.2210829276259837e-16,7.609091204154493e-17
QR1,2021-12-31,2,0.6048595373673037,0.00017812082763419814,9.294484000714434e-16,4.703105176306384e-16
QR1,2021-12-31,3,0.5085219325544679,0.00043066290261982925,5.914443667969799e-16,6.858007286702567e-16
QR1,2022-09-30,1,0.7484716980377264,7.921735516700936e-06,1.110825113657103e-16,6.39734408315113e-17
QR1,2022-09-30,2,0.6337556892064332,0.00012179273210747877,5.94730153145627e-16,3.783231564578501e-16
QR1,2022-09-30,3,0.5394935295638665,0.0003028318797505529,5.707126935147052e-16,2.2989472099172695e-16
QR1,2023-07-31,1,0.7302025079032967,1.1865430915724965e-05,3.3348503317895885e-16,5.561946577567963e-17
QR1,2023-07-31,2,0.6140440492365706,0.00014702136539421442,2.549850473951608e-16,2.6438566437590565e-16
QR1,2023-07-31,3,0.5145642353358663,0.00038615223087007833,1.1129957728882443e-15,1.7833692398821116e-16
QR1,2024-04-30,1,0.723365468846367,1.2169790953675379e-05,2.231576693969955e-16,7.025094648823097e-17
QR1,2024-04-30,2,0.6019909740853335,0.00016753585223428996,7.861182450748602e-16,2.6907330352468855e-16
QR1,2024-04-30,3,0.5052327711239515,0.00042547799104299057,4.960503814447689e-16,3.890069484576911e-16
QR1,2025-01-31,1,0.7275307397551516,1.1895113066560098e-05,1.6696416601834438e-17,5.136344264679033e-17
QR1,2025-01-31,2,0.6171969884270218,0.00015780623729339758,5.704349591616919e-16,2.106947869482973e-16
QR1,2025-01-31,3,0.5185911104518293,0.000383305372983898,4.588808371186071e-16,2.0645043388978157e-16
QR1,2025-11-30,1,0.7218758437057338,1.2705136194702378e-05,8.891331503565925e-16,8.89574217500637e-17
QR1,2025-11-30,2,0.590116207636633,0.000187701265062905,5.97684033530271e-16,4.533966030891174e-16
QR1,2025-11-30,3,0.5009189169073273,0.0004394732302137691,1.3322967506436456e-15,1.8125162586717092e-16
QR1,2026-08-31,1,0.7319980724085753,1.5690276387172515e-05,8.882060716545267e-16,2.7224333756467757e-17
QR1,2026-08-31,2,0.6278080144887122,0.0001415710397788516,8.881784267855646e-16,9.71445146547012e-17
QR1,2026-08-31,3,0.5248797106031746,0.00037260321727964387,2.893202473269544e-15,3.45186937427662e-16
QR2,2018-01-31,1,0.6849228486466646,1.7764516978604143e-05,1.1104051261254386e-15,6.069053483567753e-17
QR2,2018-01-31,2,0.5425313409249656,0.0001817213933538628,1.782016447066945e-15,2.6696911403785065e-16
QR2,2018-01-31,3,0.4484104548074297,0.0004210589183972113,1.5568213370048796e-15,2.0847197705614478e-16
QR2,2018-10-31,1,0.709359340509893,1.32741132761913e-05,6.895176042403618e-16,3.530439610728579e-16
QR2,2018-10-31,2,0.5646887281501529,0.00015785197546935983,9.006331685362108e-16,2.415941108079534e-16
QR2,2018-10-31,3,0.4640239402526709,0.0003830506354226497,1.142475508569348e-15,3.622079112675287e-16
QR2,2019-08-31,1,0.7076889444156933,1.4491772332074175e-05,5.559855051378922e-16,5.419306208621173e-17
QR2,2019-08-31,2,0.5713836238645138,0.0001466476719596741,2.263553978567985e-16,1.5117844042594752e-16
QR2,2019-08-31,3,0.47753849373337726,0.00037641388501292864,3.351166139395712e-16,1.4804981835614536e-16
QR2,2020-05-31,1,0.7151864603665631,1.2908784192516603e-05,1.4443849341110156e-15,9.668468164346052e-17
QR2,2020-05-31,2,0.5926635515843597,0.00011960527553536779,3.1146594564248943e-15,4.54310038787225e-16
QR2,2020-05-31,3,0.483136866845039,0.00031144917504893877,3.7853240655591925e-15,4.810002057738857e-16
QR2,2021-02-28,1,0.7096055277414849,2.1230580332236607e-05,6.723094611333854e-16,1.7730511874444722e-16
QR2,2021-02-28,2,0.5825481660829113,0.00017293415155465885,8.882195998262472e-16,1.2571659638300646e-16
QR2,2021-02-28,3,0.4984633937963911,0.0003784351593129251,1.4779042129536834e-15,5.597481177262891e-16
QR2,2021-12-31,1,0.7040654119144587,1.3760401501225398e-05,6.67428745649529e-16,8.175673179972834e-17
QR2,2021-12-31,2,0.5720438842031937,0.00015372811090622724,5.560585659832244e-16,9.335326988569947e-17
QR2,2021-12-31,3,0.47954834055886153,0.00035011967347039065,1.2665608344324693e-15,6.948409442258181e-16
QR2,2022-09-30,1,0.7366645572419486,1.0030326058808324e-05,1.1104142732005618e-15,4.563344992840995e-17
QR2,2022-09-30,2,0.6115490298608374,0.00011389989543671908,2.113200483447013e-15,2.553171972937031e-16
QR2,2022-09-30,3,0.5207411644344597,0.00028766500005313273,2.998225837190196e-15,1.7994359446785096e-16
QR2,2023-07-31,1,0.7177529097740027,1.1010111869795435e-05,3.5422395579159184e-16,2.2650830973838386e-16
QR2,2023-07-31,2,0.591299942970168,0.0001250716159624567,2.5315966598467395e-16,4.679998646900878e-16
QR2,2023-07-31,3,0.4921162621579106,0.00031924408487476465,3.8655822124417933e-16,6.574254955141521e-16
QR2,2024-04-30,1,0.7106067633463727,1.1715983827951388e-05,4.536005251949452e-16,1.8656005218905392e-16
QR2,2024-04-30,2,0.5747345428704862,0.000143507609009479,2.2373629473189023e-16,7.318806362944029e-17
QR2,2024-04-30,3,0.4800457169911188,0.00033861931763167874,4.571002307633748e-16,1.7208771647183845e-16
QR2,2025-01-31,1,0.7138796829404674,1.190709584358049e-05,4.790008481409226e-16,3.646633539025005e-16
QR2,2025-01-31,2,0.5891650740233201,0.00013943465139151388,7.02169949919649e-16,3.8232197914950293e-16
QR2,2025-01-31,3,0.49264681042717057,0.00032267397412226543,1.1102658985881758e-15,1.4674571268244871e-16
QR2,2025-11-30,1,0.7068741678093872,1.2458162362707766e-05,5.557239077854649e-16,7.890608593980162e-17
QR2,2025-11-30,2,0.5611169723702357,0.00015803817881530254,2.220738488410284e-16,1.7575582706882979e-16
QR2,2025-11-30,3,0.47048601395346523,0.00034056471424909386,4.995190561831547e-16,4.317844681044178e-16
QR2,2026-08-31,1,0.717288735823541,1.576562171671474e-05,2.2328631417024183e-16,4.955704231637458e-17
QR2,2026-08-31,2,0.6007905221842554,0.00012174964536115884,6.748038844896358e-16,2.6378040639553325e-16
QR2,2026-08-31,3,0.49737966216514956,0.0003001312899076128,1.2217713754122077e-15,9.639819490876587e-17
