0,1,2,3,4,5,6,7,8,9
0.0,0.01495159960561016,0.11148840415676096,0.1576811101330144,0.1460482874029982,0.13676779818463897,0.10703976102180279,0.09565991917798745,0.14251937837176337,0.10409294573723894
0.01495159960561016,0.0,0.08548261876854028,0.14887768684293928,0.14140515908878123,0.1758993061872989,0.05052815586106126,0.043177648410684846,0.028871737679870987,0.08756641863109599
0.11148840415676096,0.08548261876854028,0.0,0.14277210671667068,0.09128209074731301,0.1399597385275157,0.12586496669346403,0.1546786348703863,0.08028073369748444,0.1202943235135837
0.1576811101330144,0.14887768684293928,0.14277210671667068,0.0,0.0351171188638523,0.1400625889630642,0.11458461622730994,0.08412698931515843,0.10423964750297086,0.06707400604065768
0.1460482874029982,0.14140515908878123,0.09128209074731301,0.0351171188638523,0.0,0.06898277247791776,0.05493793977591435,0.08878297861529061,0.11987361556033838,0.1613638571482881
0.13676779818463897,0.1758993061872989,0.1399597385275157,0.1400625889630642,0.06898277247791776,0.0,0.09479348418664273,0.19338961978312397,0.10406540266211232,0.18177129221921282
0.10703976102180279,0.05052815586106126,0.12586496669346403,0.11458461622730994,0.05493793977591435,0.09479348418664273,0.0,0.1739582143021587,0.056973518578830824,0.08922220898588894
0.09565991917798745,0.043177648410684846,0.1546786348703863,0.08412698931515843,0.08878297861529061,0.19338961978312397,0.1739582143021587,0.0,0.1115433809443557,0.14791715108495734
0.14251937837176337,0.028871737679870987,0.08028073369748444,0.10423964750297086,0.11987361556033838,0.10406540266211232,0.056973518578830824,0.1115433809443557,0.0,0.09743058655556691
0.10409294573723894,0.08756641863109599,0.1202943235135837,0.06707400604065768,0.1613638571482881,0.18177129221921282,0.08922220898588894,0.14791715108495734,0.09743058655556691,0.0
