,RV,MKT,DP,IP,RV_q,STR,DEF,EP,INF
RV,1.0,-0.3514569077587199,0.25896564868807426,-0.19462446863944424,0.32137140505568695,-0.014498180454477557,0.3589042928394036,0.16371749987225204,-0.11579737978381177
MKT,-0.3514569077587199,1.0,-0.02638728200713248,-0.05083889066277865,0.22052564203534758,0.33050411856619394,0.10710976903761198,-0.20533320010200967,-0.020776724918687994
DP,0.25896564868807426,-0.02638728200713248,1.0,-0.1563517250085159,0.19561616743238047,0.18677344113577318,0.8006654659650903,0.46611043497365817,-0.32871743823142685
IP,-0.19462446863944424,-0.05083889066277865,-0.1563517250085159,1.0,0.04075819361917334,-0.36106742462690566,-0.25335832525478635,-0.17217359865415996,0.4186808262753048
RV_q,0.32137140505568695,0.22052564203534758,0.19561616743238047,0.04075819361917334,1.0,0.06638626167850775,0.5155840832156748,0.010357412213628472,0.022020726118767583
STR,-0.014498180454477557,0.33050411856619394,0.18677344113577318,-0.36106742462690566,0.06638626167850775,1.0,0.2250422161802216,0.1347328539281277,-0.13694434035035494
DEF,0.3589042928394036,0.10710976903761198,0.8006654659650903,-0.25335832525478635,0.5155840832156748,0.2250422161802216,1.0,0.35496350678485444,-0.29147325479916963
EP,0.16371749987225204,-0.20533320010200967,0.46611043497365817,-0.17217359865415996,0.010357412213628472,0.1347328539281277,0.35496350678485444,1.0,-0.030981394771186076
INF,-0.11579737978381177,-0.020776724918687994,-0.32871743823142685,0.4186808262753048,0.022020726118767583,-0.13694434035035494,-0.29147325479916963,-0.030981394771186076,1.0
