,v1_q0,v1_q1,v1_q2,v1_q3,v1_q4,v1_q5,v1_q6,v1_q7,v1_q8,v1_q9,v2_q0,v2_q1,v2_q2,v2_q3,v2_q4,v2_q5,v2_q6,v2_q7,v2_q8,v2_q9
v1_q0,1.0,-0.10117320956541288,-0.37060939982721375,0.6479319523152012,0.061574129972077535,-0.028141653140888623,-0.38964903073989565,0.258645443472558,0.444269884128302,0.36261361382283913,0.9892558024103691,-0.08686410268529716,-0.35715753707437026,0.686588240835586,0.04687943499396633,-0.08325837967684237,-0.4177128511220593,0.42049257963013836,0.5570151810328138,0.5449981173649027
v1_q1,-0.10117320956541288,1.0,0.22540555460213518,-0.21876435816882847,-0.04154700088119116,-0.14403809856683417,0.12522666051347023,-0.1352550860157191,-0.18710849566065108,-0.14336182101873643,-0.05166185696207413,0.9971219721763627,0.23387243299620541,-0.1394130953118735,-0.06691982082312357,-0.3053376033316941,0.10106181190257855,0.06761465417262977,-0.1406648415171938,-0.01563833133871654
v1_q2,-0.37060939982721375,0.22540555460213518,1.0,-0.3793992347872721,-0.08629377539694519,0.11105202296586347,0.18332800110215317,-0.019876737386324048,-0.1287415604110415,-0.11314466729888947,-0.37419156491927813,0.21758483304306492,0.9977031003068055,-0.3858002539308618,-0.0805824289831878,0.1441923399048325,0.19631058523621583,0.016890600283417132,-0.10909984773889012,-0.17253875500718574
v1_q3,0.6479319523152012,-0.21876435816882847,-0.3793992347872721,1.0,0.11144799133629313,0.0010438439942010286,-0.4592759761696146,0.5020263428254601,0.6824064097386273,0.5225144589493234,0.6204067045344913,-0.21126431692037811,-0.3741967234503362,0.9729622870182331,0.12034023955863839,-0.024303236589661627,-0.4654615711150778,0.6043704548349069,0.7522435069927317,0.5925862181405658
v1_q4,0.061574129972077535,-0.04154700088119116,-0.08629377539694519,0.11144799133629313,1.0,-0.19485269078903694,0.23147098470836833,0.13711636468451224,0.0937406094629475,0.4834295276300368,0.10399142000622856,-0.055178598206780144,-0.08261455096650268,0.17175290121579997,0.9972016557308762,-0.2480153641483446,0.22119603440321847,0.31562692564147904,0.19006836380611006,0.6181784474852549
v1_q5,-0.028141653140888623,-0.14403809856683417,0.11105202296586347,0.0010438439942010286,-0.19485269078903694,1.0,-0.19052903112941177,0.34541048303997357,0.32300142726703657,0.2995299173314142,-0.1194140427983268,-0.14629516304771276,0.0782298604091975,-0.12411915605838413,-0.17972603781632915,0.9580269620820014,-0.16671913040568603,0.17656710564147446,0.24279872586463705,0.11972648517372965
v1_q6,-0.38964903073989565,0.12522666051347023,0.18332800110215317,-0.4592759761696146,0.23147098470836833,-0.19052903112941177,1.0,-0.23302402650436685,-0.3641460553943454,-0.14288608643563402,-0.34652274738410543,0.10618101259771608,0.18220914915931616,-0.398963782403157,0.22064681179606835,-0.19398989115230866,0.9964849395007782,-0.11192539424775422,-0.30627643521466247,-0.1436133653825494
v1_q7,0.258645443472558,-0.1352550860157191,-0.019876737386324048,0.5020263428254601,0.13711636468451224,0.34541048303997357,-0.23302402650436685,1.0,0.9360405578494412,0.8666967396337308,0.228683159264357,-0.14736596132294077,-0.027455345060327773,0.47338553403636735,0.14033499948587858,0.3467260193925913,-0.2424874175036479,0.9024674710284157,0.8834447166042231,0.7297437240626089
v1_q8,0.444269884128302,-0.18710849566065108,-0.1287415604110415,0.6824064097386273,0.0937406094629475,0.32300142726703657,-0.3641460553943454,0.9360405578494412,1.0,0.8360360783236139,0.4076751081873259,-0.19344820346571845,-0.13431859058443893,0.64767892678283,0.0985987146522647,0.3115971805328876,-0.3754745577851714,0.8787703621872334,0.9660222760855061,0.7478413425082339
v1_q9,0.36261361382283913,-0.14336182101873643,-0.11314466729888947,0.5225144589493234,0.4834295276300368,0.2995299173314142,-0.14288608643563402,0.8666967396337308,0.8360360783236139,1.0,0.3482929673719685,-0.15495687303331243,-0.11329586871972273,0.5207432970050629,0.4783659803614533,0.2569931912530726,-0.15655293237550763,0.8829902945317406,0.8529710984823249,0.9337151128700322
v2_q0,0.9892558024103691,-0.05166185696207413,-0.37419156491927813,0.6204067045344913,0.10399142000622856,-0.1194140427983268,-0.34652274738410543,0.228683159264357,0.4076751081873259,0.3482929673719685,1.0,-0.04100133669743762,-0.3575741984287349,0.6904811433829456,0.08123811031318548,-0.1832015448282327,-0.3833801947946837,0.4109494745332028,0.5251410058403291,0.5485236832557723
v2_q1,-0.08686410268529716,0.9971219721763627,0.21758483304306492,-0.21126431692037811,-0.055178598206780144,-0.14629516304771276,0.10618101259771608,-0.14736596132294077,-0.19344820346571845,-0.15495687303331243,-0.04100133669743762,1.0,0.22696764418312945,-0.1374796100959131,-0.07953355848015699,-0.3092130152268253,0.08313361133525239,0.05362257873842737,-0.14710326654137748,-0.02608772447139407
v2_q2,-0.35715753707437026,0.23387243299620541,0.9977031003068055,-0.3741967234503362,-0.08261455096650268,0.0782298604091975,0.18220914915931616,-0.027455345060327773,-0.13431859058443893,-0.11329586871972273,-0.3575741984287349,0.22696764418312945,1.0,-0.3745168363495257,-0.07878384917422308,0.107093079224057,0.19306630911469883,0.01759747133988473,-0.11177345650262438,-0.16634448963292436
v2_q3,0.686588240835586,-0.1394130953118735,-0.3858002539308618,0.9729622870182331,0.17175290121579997,-0.12411915605838413,-0.398963782403157,0.47338553403636735,0.64767892678283,0.5207432970050629,0.6904811433829456,-0.1374796100959131,-0.3745168363495257,1.0,0.16653119025229318,-0.16760703118343132,-0.42079908907627883,0.617182404089988,0.731905188420724,0.6277120517921654
v2_q4,0.04687943499396633,-0.06691982082312357,-0.0805824289831878,0.12034023955863839,0.9972016557308762,-0.17972603781632915,0.22064681179606835,0.14033499948587858,0.0985987146522647,0.4783659803614533,0.08123811031318548,-0.07953355848015699,-0.07878384917422308,0.16653119025229318,1.0,-0.2230032499177778,0.215015130413729,0.3104993481909115,0.193017215143177,0.6071957262049235
v2_q5,-0.08325837967684237,-0.3053376033316941,0.1441923399048325,-0.024303236589661627,-0.2480153641483446,0.9580269620820014,-0.19398989115230866,0.3467260193925913,0.3115971805328876,0.2569931912530726,-0.1832015448282327,-0.3092130152268253,0.107093079224057,-0.16760703118343132,-0.2230032499177778,1.0,-0.16007338623265951,0.12819926782663124,0.22164923464059866,0.044730277090707475
v2_q6,-0.4177128511220593,0.10106181190257855,0.19631058523621583,-0.4654615711150778,0.22119603440321847,-0.16671913040568603,0.9964849395007782,-0.2424874175036479,-0.3754745577851714,-0.15655293237550763,-0.3833801947946837,0.08313361133525239,0.19306630911469883,-0.42079908907627883,0.215015130413729,-0.16007338623265951,1.0,-0.13150861258700303,-0.31939278920616637,-0.16665992233715904
v2_q7,0.42049257963013836,0.06761465417262977,0.016890600283417132,0.6043704548349069,0.31562692564147904,0.17656710564147446,-0.11192539424775422,0.9024674710284157,0.8787703621872334,0.8829902945317406,0.4109494745332028,0.05362257873842737,0.01759747133988473,0.617182404089988,0.3104993481909115,0.12819926782663124,-0.13150861258700303,1.0,0.929088952629179,0.876625254780767
v2_q8,0.5570151810328138,-0.1406648415171938,-0.10909984773889012,0.7522435069927317,0.19006836380611006,0.24279872586463705,-0.30627643521466247,0.8834447166042231,0.9660222760855061,0.8529710984823249,0.5251410058403291,-0.14710326654137748,-0.11177345650262438,0.731905188420724,0.193017215143177,0.22164923464059866,-0.31939278920616637,0.929088952629179,1.0,0.8329918821008943
v2_q9,0.5449981173649027,-0.01563833133871654,-0.17253875500718574,0.5925862181405658,0.6181784474852549,0.11972648517372965,-0.1436133653825494,0.7297437240626089,0.7478413425082339,0.9337151128700322,0.5485236832557723,-0.02608772447139407,-0.16634448963292436,0.6277120517921654,0.6071957262049235,0.044730277090707475,-0.16665992233715904,0.876625254780767,0.8329918821008943,1.0
