model,window,seed,lag,acf
QR1,120,0,1,0.015853819526925838
QR1,120,0,2,0.03959977073524809
QR1,120,0,3,-0.025807618186902394
QR1,120,0,4,-0.13004135180559787
QR1,120,0,5,0.06213664903197056
QR1,120,0,6,0.058334381074963415
QR1,120,0,7,0.15534490557182667
QR1,120,0,8,0.12314942830177449
QR1,120,0,9,-0.12137814698699159
QR1,120,0,10,0.07398686905744503
QR1,120,0,11,-0.08651506513982866
QR1,120,0,12,-0.1625631633551823
QR1,120,1,1,-0.045359010617751994
QR1,120,1,2,-0.02948426919391273
QR1,120,1,3,-0.02729033331675396
QR1,120,1,4,-0.12601094729317783
QR1,120,1,5,0.04531618285544528
QR1,120,1,6,0.05258463604337302
QR1,120,1,7,0.1276875316628745
QR1,120,1,8,0.1310642423847381
QR1,120,1,9,-0.15540281153618823
QR1,120,1,10,0.06773970218486959
QR1,120,1,11,-0.05164532521286913
QR1,120,1,12,-0.19748888008054427
QR1,120,2,1,0.09102610039761784
QR1,120,2,2,0.057731491273071533
QR1,120,2,3,-0.02533654428312476
QR1,120,2,4,-0.056292252611390974
QR1,120,2,5,0.04402553156383564
QR1,120,2,6,0.004536716059559216
QR1,120,2,7,0.18758315089360628
QR1,120,2,8,0.1575481793825673
QR1,120,2,9,-0.07384434182522481
QR1,120,2,10,0.06588737846515491
QR1,120,2,11,-0.13356035051610315
QR1,120,2,12,-0.10920160315013296
QR1,120,3,1,-0.0502170787092262
QR1,120,3,2,-0.07758652629444027
QR1,120,3,3,-0.07033044366892674
QR1,120,3,4,-0.16564686109503446
QR1,120,3,5,0.02623365116977704
QR1,120,3,6,0.06559561647874303
QR1,120,3,7,0.1401018436776145
QR1,120,3,8,0.14410648735623358
QR1,120,3,9,-0.13026670857140402
QR1,120,3,10,0.07140578903600599
QR1,120,3,11,-0.06265421326993474
QR1,120,3,12,-0.19583931568658747
QR1,120,4,1,0.10581673183200616
QR1,120,4,2,0.030373835946081125
QR1,120,4,3,-0.038376325273081664
QR1,120,4,4,-0.07302675434875634
QR1,120,4,5,0.023529602395497947
QR1,120,4,6,0.012122026960150196
QR1,120,4,7,0.18080417033342064
QR1,120,4,8,0.11343048387520147
QR1,120,4,9,-0.09501501757740743
QR1,120,4,10,0.0775820514484064
QR1,120,4,11,-0.12277866973993086
QR1,120,4,12,-0.11900427680125578
QR2,120,0,1,0.03617259552985933
QR2,120,0,2,0.030548487214004726
QR2,120,0,3,-0.029378552132354265
QR2,120,0,4,-0.00477103725073879
QR2,120,0,5,-0.06394886162531026
QR2,120,0,6,-0.1519098376603268
QR2,120,0,7,0.10345744745938956
QR2,120,0,8,0.05686621501008153
QR2,120,0,9,-0.12784265975362977
QR2,120,0,10,0.07599473628895752
QR2,120,0,11,-0.10022201245721907
QR2,120,0,12,-0.11316771209416411
QR2,120,1,1,0.06558914070919009
QR2,120,1,2,0.09793443620162395
QR2,120,1,3,0.05238623871513133
QR2,120,1,4,0.0039027115631281102
QR2,120,1,5,-0.036340533164015656
QR2,120,1,6,-0.09255699643330968
QR2,120,1,7,0.008247616153039584
QR2,120,1,8,0.1043694408738207
QR2,120,1,9,-0.17156539441181207
QR2,120,1,10,0.031376421543681685
QR2,120,1,11,-0.1437131783686925
QR2,120,1,12,-0.06972053780715853
QR2,120,2,1,0.08109759132645374
QR2,120,2,2,0.05412898708477174
QR2,120,2,3,0.0366409032771641
QR2,120,2,4,0.05453626805928468
QR2,120,2,5,-0.047882451304280024
QR2,120,2,6,-0.15331103518853226
QR2,120,2,7,0.12487728819249112
QR2,120,2,8,0.07624082955259823
QR2,120,2,9,-0.1827842197002176
QR2,120,2,10,0.02656517304473732
QR2,120,2,11,-0.06243860392758778
QR2,120,2,12,-0.0809947734658815
QR2,120,3,1,0.02055885745200096
QR2,120,3,2,0.16093219732326589
QR2,120,3,3,-0.006287944177034124
QR2,120,3,4,-0.0014397176112975277
QR2,120,3,5,0.022870673795300216
QR2,120,3,6,-0.011306245556513227
QR2,120,3,7,0.11344082826763946
QR2,120,3,8,0.11209404643580567
QR2,120,3,9,-0.15605592533640053
QR2,120,3,10,0.15623927798078205
QR2,120,3,11,-0.038248906380940154
QR2,120,3,12,-0.059033872199836884
QR2,120,4,1,-0.004029554095771569
QR2,120,4,2,-0.0070043662703711635
QR2,120,4,3,0.030837989614963396
QR2,120,4,4,0.0026984143801016005
QR2,120,4,5,-0.08992986189282304
QR2,120,4,6,-0.12141651854777197
QR2,120,4,7,0.07458404466762991
QR2,120,4,8,0.10971799116571099
QR2,120,4,9,-0.1703575454714821
QR2,120,4,10,0.06426102454031683
QR2,120,4,11,-0.10006101895975338
QR2,120,4,12,-0.04116475621524041
QR1,571,0,1,0.06254414896107639
QR1,571,0,2,0.0013160856156805385
QR1,571,0,3,-0.14772714739645723
QR1,571,0,4,-0.3091879750670293
QR1,571,0,5,-0.052218670874623764
QR1,571,0,6,-0.09334082436608056
QR1,571,0,7,0.17689152033725333
QR1,571,0,8,0.1856110561672875
QR1,571,0,9,-0.06219663484590058
QR1,571,0,10,0.11286475801396016
QR1,571,0,11,-0.13868989091147219
QR1,571,0,12,-0.1632992203809133
QR1,571,1,1,0.07255408417513808
QR1,571,1,2,0.013541075076521721
QR1,571,1,3,-0.177701235671279
QR1,571,1,4,-0.30701654621673563
QR1,571,1,5,-0.050276546282249965
QR1,571,1,6,-0.07279740195535966
QR1,571,1,7,0.18378813367081434
QR1,571,1,8,0.1935030966237917
QR1,571,1,9,-0.054370745099559886
QR1,571,1,10,0.1262552599482635
QR1,571,1,11,-0.15490362544048622
QR1,571,1,12,-0.13880085495658753
QR1,571,2,1,0.06003510644294425
QR1,571,2,2,0.006351707535965976
QR1,571,2,3,-0.18087123220737078
QR1,571,2,4,-0.29793300365996284
QR1,571,2,5,-0.060390457910490705
QR1,571,2,6,-0.08052382079219404
QR1,571,2,7,0.18518509195707
QR1,571,2,8,0.18642404204210627
QR1,571,2,9,-0.057411663511524956
QR1,571,2,10,0.11709959089080352
QR1,571,2,11,-0.15744179551193274
QR1,571,2,12,-0.13780056964472062
QR1,571,3,1,0.07031079702249009
QR1,571,3,2,0.011193914353953588
QR1,571,3,3,-0.16180776401475258
QR1,571,3,4,-0.30073468017670973
QR1,571,3,5,-0.06651924439231628
QR1,571,3,6,-0.08213585710099978
QR1,571,3,7,0.17601721526150602
QR1,571,3,8,0.18220234287502377
QR1,571,3,9,-0.07990562183335535
QR1,571,3,10,0.10949504743696407
QR1,571,3,11,-0.14131752487700217
QR1,571,3,12,-0.1544567965975872
QR1,571,4,1,0.0620260458098528
QR1,571,4,2,-0.008724656332431116
QR1,571,4,3,-0.1681594101536963
QR1,571,4,4,-0.2951903974195131
QR1,571,4,5,-0.05809667451824906
QR1,571,4,6,-0.08560351862108194
QR1,571,4,7,0.18325664026856933
QR1,571,4,8,0.18642313700645682
QR1,571,4,9,-0.07242780067744774
QR1,571,4,10,0.1348763911274769
QR1,571,4,11,-0.14956633334029412
QR1,571,4,12,-0.13875664764691126
QR2,571,0,1,0.06904672319865568
QR2,571,0,2,0.049961576503767
QR2,571,0,3,-0.111893698549718
QR2,571,0,4,-0.18601168312823124
QR2,571,0,5,-0.07810048665419961
QR2,571,0,6,-0.11079896568578014
QR2,571,0,7,0.13489005834520068
QR2,571,0,8,0.1781094112390267
QR2,571,0,9,-0.09959613346211552
QR2,571,0,10,0.11105691219712069
QR2,571,0,11,-0.16284278849443604
QR2,571,0,12,-0.18035385216918015
QR2,571,1,1,0.09500100494461788
QR2,571,1,2,0.03890706299587261
QR2,571,1,3,-0.1813360734056781
QR2,571,1,4,-0.2355996285711859
QR2,571,1,5,-0.047848087934005495
QR2,571,1,6,-0.06466346135380359
QR2,571,1,7,0.12656236722849393
QR2,571,1,8,0.18656017143309514
QR2,571,1,9,-0.08910220112352722
QR2,571,1,10,0.08486281627178766
QR2,571,1,11,-0.19825597171627715
QR2,571,1,12,-0.16896707930854046
QR2,571,2,1,0.08199980667768444
QR2,571,2,2,0.05579757370889936
QR2,571,2,3,-0.16261373880138782
QR2,571,2,4,-0.20267095415806996
QR2,571,2,5,-0.05757595491019797
QR2,571,2,6,-0.08748609280088851
QR2,571,2,7,0.12714003020299922
QR2,571,2,8,0.18029693466756558
QR2,571,2,9,-0.0905066119195575
QR2,571,2,10,0.08729481066809579
QR2,571,2,11,-0.1664367079905108
QR2,571,2,12,-0.15861093540890564
QR2,571,3,1,0.07616579391934668
QR2,571,3,2,0.041008932619412554
QR2,571,3,3,-0.17763575838850726
QR2,571,3,4,-0.2518679238796515
QR2,571,3,5,-0.05253066686594915
QR2,571,3,6,-0.07103720210128085
QR2,571,3,7,0.13062574927566648
QR2,571,3,8,0.19093901883796766
QR2,571,3,9,-0.09927241068178275
QR2,571,3,10,0.11044825306725109
QR2,571,3,11,-0.17807496785081578
QR2,571,3,12,-0.15360375388072067
QR2,571,4,1,0.08774953792546508
QR2,571,4,2,0.06752547192864768
QR2,571,4,3,-0.17437117949258432
QR2,571,4,4,-0.2588080194599809
QR2,571,4,5,-0.07215426198074958
QR2,571,4,6,-0.06905668461361188
QR2,571,4,7,0.121006013659736
QR2,571,4,8,0.18965781225617578
QR2,571,4,9,-0.08968746370102947
QR2,571,4,10,0.08918496720165546
QR2,571,4,11,-0.16990125914093934
QR2,571,4,12,-0.15567690978009438
