model,window,target_month,rolling_mse
QR1,120,2018-12-31,0.3234634980272186
QR1,120,2019-01-31,0.3182781363248375
QR1,120,2019-02-28,0.25410280371148536
QR1,120,2019-03-31,0.24677803053578173
QR1,120,2019-04-30,0.27673799323359466
QR1,120,2019-05-31,0.2820187624638663
QR1,120,2019-06-30,0.2770054089181598
QR1,120,2019-07-31,0.2822606748861543
QR1,120,2019-08-31,0.32123596768698387
QR1,120,2019-09-30,0.3283760032179828
QR1,120,2019-10-31,0.24687594558383685
QR1,120,2019-11-30,0.28679420785908877
QR1,120,2019-12-31,0.23866429577265227
QR1,120,2020-01-31,0.24024696684599614
QR1,120,2020-02-29,0.2256648078760851
QR1,120,2020-03-31,0.468164268069643
QR1,120,2020-04-30,0.45256772011577456
QR1,120,2020-05-31,0.6777930907357649
QR1,120,2020-06-30,0.7223436043534952
QR1,120,2020-07-31,0.7172685674798666
QR1,120,2020-08-31,0.6740017727543921
QR1,120,2020-09-30,0.7339768855679591
QR1,120,2020-10-31,0.7333753340223318
QR1,120,2020-11-30,0.6899791924589723
QR1,120,2020-12-31,0.700530062966005
QR1,120,2021-01-31,0.7088095125335968
QR1,120,2021-02-28,0.6672111574165073
QR1,120,2021-03-31,0.43330899068842715
QR1,120,2021-04-30,0.4227519190269258
QR1,120,2021-05-31,0.18703861076874806
QR1,120,2021-06-30,0.15752012159457848
QR1,120,2021-07-31,0.15649231018043322
QR1,120,2021-08-31,0.16710171110921315
QR1,120,2021-09-30,0.07884278031692495
QR1,120,2021-10-31,0.07869481949801904
QR1,120,2021-11-30,0.07840893427277969
QR1,120,2021-12-31,0.07115294404098474
QR1,120,2022-01-31,0.06788125461598249
QR1,120,2022-02-28,0.07593725962565967
QR1,120,2022-03-31,0.07765826831294825
QR1,120,2022-04-30,0.09272338695230131
QR1,120,2022-05-31,0.11042804090755971
QR1,120,2022-06-30,0.09979798645974235
QR1,120,2022-07-31,0.09914638508989232
QR1,120,2022-08-31,0.08831159454287406
QR1,120,2022-09-30,0.08643083720684532
QR1,120,2022-10-31,0.08427879038790631
QR1,120,2022-11-30,0.09191733634421452
QR1,120,2022-12-31,0.09341788355788903
QR1,120,2023-01-31,0.09704436076354157
QR1,120,2023-02-28,0.09288492123767116
QR1,120,2023-03-31,0.082072920612504
QR1,120,2023-04-30,0.0834460865621982
QR1,120,2023-05-31,0.06249072818387083
QR1,120,2023-06-30,0.06499685785912304
QR1,120,2023-07-31,0.08508240115851368
QR1,120,2023-08-31,0.08439845892248603
QR1,120,2023-09-30,0.0987808218743169
QR1,120,2023-10-31,0.10100168520159836
QR1,120,2023-11-30,0.10375311556851262
QR1,120,2023-12-31,0.10958914546340422
QR1,120,2024-01-31,0.10069510473664467
QR1,120,2024-02-29,0.09659053796371035
QR1,120,2024-03-31,0.09771799885857896
QR1,120,2024-04-30,0.0803623769799723
QR1,120,2024-05-31,0.0991237002732437
QR1,120,2024-06-30,0.12177777872319129
QR1,120,2024-07-31,0.1100891728868102
QR1,120,2024-08-31,0.12079190481814951
QR1,120,2024-09-30,0.10749292346510166
QR1,120,2024-10-31,0.10795173282269849
QR1,120,2024-11-30,0.09786209018364206
QR1,120,2024-12-31,0.08916435594028384
QR1,120,2025-01-31,0.08816098559861807
QR1,120,2025-02-28,0.08831643821191014
QR1,120,2025-03-31,0.10250411581412296
QR1,120,2025-04-30,0.16631070259943412
QR1,120,2025-05-31,0.1742204914021758
QR1,120,2025-06-30,0.15138992847851535
QR1,120,2025-07-31,0.1661850480299671
QR1,120,2025-08-31,0.16177731072314736
QR1,120,2025-09-30,0.18038748868213061
QR1,120,2025-10-31,0.19079141988399648
QR1,120,2025-11-30,0.19012909921035304
QR1,120,2025-12-31,0.21129773512458924
QR1,120,2026-01-31,0.2122614773367609
QR1,120,2026-02-28,0.21239857706987772
QR1,120,2026-03-31,0.2020233925726479
QR1,120,2026-04-30,0.1427997576573592
QR1,120,2026-05-31,0.11474467901694423
QR1,120,2026-06-30,0.12250685684412117
QR1,120,2026-07-31,0.1060224745821376
QR1,120,2026-08-31,0.10445399221792039
QR2,120,2018-12-31,0.3663273541731195
QR2,120,2019-01-31,0.3670864478610943
QR2,120,2019-02-28,0.2528215716581214
QR2,120,2019-03-31,0.24363593950328402
QR2,120,2019-04-30,0.2724637425001019
QR2,120,2019-05-31,0.28414371246334985
QR2,120,2019-06-30,0.290747160721619
QR2,120,2019-07-31,0.2915664638331201
QR2,120,2019-08-31,0.33284460518949854
QR2,120,2019-09-30,0.34817362523580037
QR2,120,2019-10-31,0.2923097547974911
QR2,120,2019-11-30,0.32771070053026463
QR2,120,2019-12-31,0.24277809309412865
QR2,120,2020-01-31,0.24038492423439384
QR2,120,2020-02-29,0.30862637753136296
QR2,120,2020-03-31,0.5031997408641474
QR2,120,2020-04-30,0.4863199213560001
QR2,120,2020-05-31,0.4814388229443829
QR2,120,2020-06-30,0.6041924569135856
QR2,120,2020-07-31,0.6030839100147682
QR2,120,2020-08-31,0.5725493017384036
QR2,120,2020-09-30,0.5706458345232991
QR2,120,2020-10-31,0.5576754001499487
QR2,120,2020-11-30,0.5321385328449597
QR2,120,2020-12-31,0.5871460646409316
QR2,120,2021-01-31,0.5898972416896023
QR2,120,2021-02-28,0.5041629726865392
QR2,120,2021-03-31,0.36512985872943277
QR2,120,2021-04-30,0.3515243058310283
QR2,120,2021-05-31,0.3515479843082198
QR2,120,2021-06-30,0.22556330612154585
QR2,120,2021-07-31,0.23238038663471117
QR2,120,2021-08-31,0.2210853547768994
QR2,120,2021-09-30,0.18796558647100606
QR2,120,2021-10-31,0.18895336101828145
QR2,120,2021-11-30,0.1806842084060368
QR2,120,2021-12-31,0.13399173636700099
QR2,120,2022-01-31,0.15072302455695644
QR2,120,2022-02-28,0.1465775621686298
QR2,120,2022-03-31,0.09776468172597429
QR2,120,2022-04-30,0.18406980926828945
QR2,120,2022-05-31,0.1872809267841967
QR2,120,2022-06-30,0.19869214972963634
QR2,120,2022-07-31,0.20616284906268464
QR2,120,2022-08-31,0.21834704545604347
QR2,120,2022-09-30,0.22924750870297142
QR2,120,2022-10-31,0.262333503446708
QR2,120,2022-11-30,0.2771198984875199
QR2,120,2022-12-31,0.2757730951389346
QR2,120,2023-01-31,0.2643860848572367
QR2,120,2023-02-28,0.2633689036982066
QR2,120,2023-03-31,0.2567205453754745
QR2,120,2023-04-30,0.1839979437305239
QR2,120,2023-05-31,0.16877804117385622
QR2,120,2023-06-30,0.15194552287402763
QR2,120,2023-07-31,0.14227046142475797
QR2,120,2023-08-31,0.1312770944550065
QR2,120,2023-09-30,0.1134762825593872
QR2,120,2023-10-31,0.08099095634048976
QR2,120,2023-11-30,0.07513501174965125
QR2,120,2023-12-31,0.07658788705619236
QR2,120,2024-01-31,0.0660749258546824
QR2,120,2024-02-29,0.06236505272954599
QR2,120,2024-03-31,0.06099911862114362
QR2,120,2024-04-30,0.05273233132519765
QR2,120,2024-05-31,0.09189173395185461
QR2,120,2024-06-30,0.1287625539815022
QR2,120,2024-07-31,0.13028775641747117
QR2,120,2024-08-31,0.15623374939705034
QR2,120,2024-09-30,0.15578455362450205
QR2,120,2024-10-31,0.14857902719056262
QR2,120,2024-11-30,0.1377313248459577
QR2,120,2024-12-31,0.13101340201028025
QR2,120,2025-01-31,0.13158642993214317
QR2,120,2025-02-28,0.1301013871858128
QR2,120,2025-03-31,0.15157080432459535
QR2,120,2025-04-30,0.18251288859417691
QR2,120,2025-05-31,0.16156100868886192
QR2,120,2025-06-30,0.13050643000161868
QR2,120,2025-07-31,0.13036521459416595
QR2,120,2025-08-31,0.10368977333336094
QR2,120,2025-09-30,0.13121610805310377
QR2,120,2025-10-31,0.13932682200474292
QR2,120,2025-11-30,0.1490486844343736
QR2,120,2025-12-31,0.1627013566273721
QR2,120,2026-01-31,0.16287255142630022
QR2,120,2026-02-28,0.16299037500804556
QR2,120,2026-03-31,0.14789750086028872
QR2,120,2026-04-30,0.12372856913659365
QR2,120,2026-05-31,0.1173058538351995
QR2,120,2026-06-30,0.1289681161948231
QR2,120,2026-07-31,0.12503366752518433
QR2,120,2026-08-31,0.1233609092368456
HAR,120,2018-12-31,0.3602665881305935
HAR,120,2019-01-31,0.34429224263391606
HAR,120,2019-02-28,0.2831723981765153
HAR,120,2019-03-31,0.2765422953934329
HAR,120,2019-04-30,0.30339665498750074
HAR,120,2019-05-31,0.30390983962532886
HAR,120,2019-06-30,0.29403343111735064
HAR,120,2019-07-31,0.2994686627735896
HAR,120,2019-08-31,0.34525199795656186
HAR,120,2019-09-30,0.34971931367850956
HAR,120,2019-10-31,0.23145168345063896
HAR,120,2019-11-30,0.26959978628136744
HAR,120,2019-12-31,0.2292323638399466
HAR,120,2020-01-31,0.23222306705358312
HAR,120,2020-02-29,0.2449499813820548
HAR,120,2020-03-31,0.5349683294357879
HAR,120,2020-04-30,0.5156273050141704
HAR,120,2020-05-31,0.49567974600656317
HAR,120,2020-06-30,0.5168726586549934
HAR,120,2020-07-31,0.521791898031436
HAR,120,2020-08-31,0.4837467425708673
HAR,120,2020-09-30,0.5082303310040776
HAR,120,2020-10-31,0.5103506597378517
HAR,120,2020-11-30,0.4642540341383064
HAR,120,2020-12-31,0.4863706869654358
HAR,120,2021-01-31,0.49297492588556885
HAR,120,2021-02-28,0.4351826505742475
HAR,120,2021-03-31,0.15107405058690151
HAR,120,2021-04-30,0.14963431132203628
HAR,120,2021-05-31,0.15004165464228753
HAR,120,2021-06-30,0.1435879922371219
HAR,120,2021-07-31,0.13227696151858162
HAR,120,2021-08-31,0.12846863361199717
HAR,120,2021-09-30,0.08366534996660785
HAR,120,2021-10-31,0.07821225428415673
HAR,120,2021-11-30,0.07859944472282927
HAR,120,2021-12-31,0.06510111805441403
HAR,120,2022-01-31,0.06265711771147049
HAR,120,2022-02-28,0.07498902295539212
HAR,120,2022-03-31,0.08442792577486034
HAR,120,2022-04-30,0.09081066129750448
HAR,120,2022-05-31,0.11680678639357074
HAR,120,2022-06-30,0.11487109709453375
HAR,120,2022-07-31,0.11416774346771684
HAR,120,2022-08-31,0.10717839969587951
HAR,120,2022-09-30,0.11274853465269559
HAR,120,2022-10-31,0.12671059191300946
HAR,120,2022-11-30,0.13310435375095928
HAR,120,2022-12-31,0.1239734032059867
HAR,120,2023-01-31,0.1172040886502187
HAR,120,2023-02-28,0.10592065134541674
HAR,120,2023-03-31,0.09491884134776325
HAR,120,2023-04-30,0.09559774955642618
HAR,120,2023-05-31,0.06895736450714633
HAR,120,2023-06-30,0.057257514495393125
HAR,120,2023-07-31,0.07205384980545589
HAR,120,2023-08-31,0.07359599042613633
HAR,120,2023-09-30,0.06358865109473935
HAR,120,2023-10-31,0.053109231241737276
HAR,120,2023-11-30,0.04623117227846033
HAR,120,2023-12-31,0.04990837039512808
HAR,120,2024-01-31,0.049689903964531094
HAR,120,2024-02-29,0.04864675750902569
HAR,120,2024-03-31,0.04821808037782016
HAR,120,2024-04-30,0.039093874717011624
HAR,120,2024-05-31,0.04429664269037723
HAR,120,2024-06-30,0.06667124680067081
HAR,120,2024-07-31,0.06843631499679095
HAR,120,2024-08-31,0.08192304317761963
HAR,120,2024-09-30,0.08234299230634791
HAR,120,2024-10-31,0.08164186886430148
HAR,120,2024-11-30,0.08146446888164181
HAR,120,2024-12-31,0.07702817250414642
HAR,120,2025-01-31,0.07682802706073709
HAR,120,2025-02-28,0.07694863640242251
HAR,120,2025-03-31,0.09300032359743392
HAR,120,2025-04-30,0.1815398490352321
HAR,120,2025-05-31,0.1970729492620162
HAR,120,2025-06-30,0.19068520443951728
HAR,120,2025-07-31,0.20292828175523084
HAR,120,2025-08-31,0.19119070441963418
HAR,120,2025-09-30,0.21068836691743253
HAR,120,2025-10-31,0.22159662337629674
HAR,120,2025-11-30,0.2219085571260018
HAR,120,2025-12-31,0.23597520917137146
HAR,120,2026-01-31,0.23619574287387088
HAR,120,2026-02-28,0.2369988142016786
HAR,120,2026-03-31,0.23021069379484127
HAR,120,2026-04-30,0.13899606032701933
HAR,120,2026-05-31,0.12352304118917463
HAR,120,2026-06-30,0.11836609941649684
HAR,120,2026-07-31,0.0931496970604455
HAR,120,2026-08-31,0.09018622975778263
Persistence,120,2018-12-31,0.3597153893619649
Persistence,120,2019-01-31,0.34605187247152536
Persistence,120,2019-02-28,0.3281560309806509
Persistence,120,2019-03-31,0.3339026353380173
Persistence,120,2019-04-30,0.3567173779183623
Persistence,120,2019-05-31,0.39165780010036483
Persistence,120,2019-06-30,0.395227688181512
Persistence,120,2019-07-31,0.4020074088542694
Persistence,120,2019-08-31,0.4826032517381503
Persistence,120,2019-09-30,0.5534867707514994
Persistence,120,2019-10-31,0.3829264015358445
Persistence,120,2019-11-30,0.43145164128620755
Persistence,120,2019-12-31,0.42074029354271697
Persistence,120,2020-01-31,0.4203721142943688
Persistence,120,2020-02-29,0.40350990103268974
Persistence,120,2020-03-31,0.5460918999309429
Persistence,120,2020-04-30,0.5797339560631273
Persistence,120,2020-05-31,0.5578277952984182
Persistence,120,2020-06-30,0.5586959552937641
Persistence,120,2020-07-31,0.6008849206556542
Persistence,120,2020-08-31,0.5305581137915136
Persistence,120,2020-09-30,0.5248189788372759
Persistence,120,2020-10-31,0.5089142563037631
Persistence,120,2020-11-30,0.4587948315943613
Persistence,120,2020-12-31,0.4885788576147437
Persistence,120,2021-01-31,0.5018070854339173
Persistence,120,2021-02-28,0.45870064798688676
Persistence,120,2021-03-31,0.3096557517469241
Persistence,120,2021-04-30,0.26606726663168145
Persistence,120,2021-05-31,0.23685407971995764
Persistence,120,2021-06-30,0.24644345340211696
Persistence,120,2021-07-31,0.20534772320466985
Persistence,120,2021-08-31,0.20097422174437807
Persistence,120,2021-09-30,0.14017478708684758
Persistence,120,2021-10-31,0.1392634889732557
Persistence,120,2021-11-30,0.13630446921844278
Persistence,120,2021-12-31,0.10937237651892424
Persistence,120,2022-01-31,0.08271820685226716
Persistence,120,2022-02-28,0.0821083009834175
Persistence,120,2022-03-31,0.07843302925479456
Persistence,120,2022-04-30,0.06357545558047745
Persistence,120,2022-05-31,0.06510455191813981
Persistence,120,2022-06-30,0.04806579040683758
Persistence,120,2022-07-31,0.05500852571213513
Persistence,120,2022-08-31,0.04701089704977876
Persistence,120,2022-09-30,0.03522754109074575
Persistence,120,2022-10-31,0.03558913515865317
Persistence,120,2022-11-30,0.03508446387945086
Persistence,120,2022-12-31,0.041053829931073586
Persistence,120,2023-01-31,0.04149969918454477
Persistence,120,2023-02-28,0.041237752801532856
Persistence,120,2023-03-31,0.04520722844697563
Persistence,120,2023-04-30,0.06753600022222074
Persistence,120,2023-05-31,0.06508217115439348
Persistence,120,2023-06-30,0.06589747985169629
Persistence,120,2023-07-31,0.061949657364101296
Persistence,120,2023-08-31,0.07931587316246781
Persistence,120,2023-09-30,0.07743950064966547
Persistence,120,2023-10-31,0.08117083293100241
Persistence,120,2023-11-30,0.08236074320056547
Persistence,120,2023-12-31,0.07374739443378338
Persistence,120,2024-01-31,0.07394661184870956
Persistence,120,2024-02-29,0.07373190980638586
Persistence,120,2024-03-31,0.07306199938932796
Persistence,120,2024-04-30,0.060825876572535166
Persistence,120,2024-05-31,0.06772117031706884
Persistence,120,2024-06-30,0.08172342317324863
Persistence,120,2024-07-31,0.12442899833587213
Persistence,120,2024-08-31,0.11441478407310975
Persistence,120,2024-09-30,0.1255367948596709
Persistence,120,2024-10-31,0.12268313354084015
Persistence,120,2024-11-30,0.12195769904355014
Persistence,120,2024-12-31,0.11834487237237525
Persistence,120,2025-01-31,0.11762859013471726
Persistence,120,2025-02-28,0.11714172232909197
Persistence,120,2025-03-31,0.13486629424293164
Persistence,120,2025-04-30,0.18284809978041647
Persistence,120,2025-05-31,0.2654509647878937
Persistence,120,2025-06-30,0.271393461661338
Persistence,120,2025-07-31,0.23252200256943734
Persistence,120,2025-08-31,0.2513919351693638
Persistence,120,2025-09-30,0.25618044649748817
Persistence,120,2025-10-31,0.28858058534083286
Persistence,120,2025-11-30,0.28809628753054867
Persistence,120,2025-12-31,0.3056400555178392
Persistence,120,2026-01-31,0.3067810001149753
Persistence,120,2026-02-28,0.31025315696740685
Persistence,120,2026-03-31,0.30055643284676486
Persistence,120,2026-04-30,0.25025526204076637
Persistence,120,2026-05-31,0.16533384378214705
Persistence,120,2026-06-30,0.1648990422205422
Persistence,120,2026-07-31,0.16066118905684976
Persistence,120,2026-08-31,0.13586251906508845
QR1,571,2018-12-31,0.32041239853790454
QR1,571,2019-01-31,0.31694095987486914
QR1,571,2019-02-28,0.2630295908168262
QR1,571,2019-03-31,0.2579324033452458
QR1,571,2019-04-30,0.2987867644885096
QR1,571,2019-05-31,0.2996046414769145
QR1,571,2019-06-30,0.2840437629455002
QR1,571,2019-07-31,0.2829222179104503
QR1,571,2019-08-31,0.33948562947656497
QR1,571,2019-09-30,0.3660314933274938
QR1,571,2019-10-31,0.28107651230964986
QR1,571,2019-11-30,0.3140378552227721
QR1,571,2019-12-31,0.2732040607098481
QR1,571,2020-01-31,0.2775151300187357
QR1,571,2020-02-29,0.28531048037145884
QR1,571,2020-03-31,0.5158700257344598
QR1,571,2020-04-30,0.4815432192021831
QR1,571,2020-05-31,0.4898813745073097
QR1,571,2020-06-30,0.494803185966925
QR1,571,2020-07-31,0.5299571468247567
QR1,571,2020-08-31,0.49730164858509185
QR1,571,2020-09-30,0.48699839361079905
QR1,571,2020-10-31,0.4821816805995554
QR1,571,2020-11-30,0.4467658420401972
QR1,571,2020-12-31,0.4610662907018141
QR1,571,2021-01-31,0.46042263075077644
QR1,571,2021-02-28,0.4051789250753164
QR1,571,2021-03-31,0.182175382831526
QR1,571,2021-04-30,0.1800278112537279
QR1,571,2021-05-31,0.15415644537206497
QR1,571,2021-06-30,0.16408754166607248
QR1,571,2021-07-31,0.12534331603088436
QR1,571,2021-08-31,0.10440263580795227
QR1,571,2021-09-30,0.06879198418894043
QR1,571,2021-10-31,0.0700119042075196
QR1,571,2021-11-30,0.06989492379296365
QR1,571,2021-12-31,0.0547910358908858
QR1,571,2022-01-31,0.05317053216040657
QR1,571,2022-02-28,0.05166499580349351
QR1,571,2022-03-31,0.04358337710113794
QR1,571,2022-04-30,0.046675631048159895
QR1,571,2022-05-31,0.051035179451620165
QR1,571,2022-06-30,0.03515725471153054
QR1,571,2022-07-31,0.03827995025329917
QR1,571,2022-08-31,0.030380767978410456
QR1,571,2022-09-30,0.03500534156634861
QR1,571,2022-10-31,0.03339097328104379
QR1,571,2022-11-30,0.04141636800584194
QR1,571,2022-12-31,0.03814369799635548
QR1,571,2023-01-31,0.0467808824271575
QR1,571,2023-02-28,0.04959151884866892
QR1,571,2023-03-31,0.05465805658173665
QR1,571,2023-04-30,0.0682119917331763
QR1,571,2023-05-31,0.06319059069007639
QR1,571,2023-06-30,0.06341802253422406
QR1,571,2023-07-31,0.07042356253258585
QR1,571,2023-08-31,0.07084919128042172
QR1,571,2023-09-30,0.0656671058666221
QR1,571,2023-10-31,0.06560069075301778
QR1,571,2023-11-30,0.062049359755341475
QR1,571,2023-12-31,0.06405844487455736
QR1,571,2024-01-31,0.05273750670674857
QR1,571,2024-02-29,0.049692698739005635
QR1,571,2024-03-31,0.04763909818092535
QR1,571,2024-04-30,0.030727468475290245
QR1,571,2024-05-31,0.04904005981336476
QR1,571,2024-06-30,0.08131681619927524
QR1,571,2024-07-31,0.08509269463796769
QR1,571,2024-08-31,0.10228991412011508
QR1,571,2024-09-30,0.10063629245300008
QR1,571,2024-10-31,0.10261345232979431
QR1,571,2024-11-30,0.09972906400058305
QR1,571,2024-12-31,0.09749594647911523
QR1,571,2025-01-31,0.09819487691904871
QR1,571,2025-02-28,0.09833838246633068
QR1,571,2025-03-31,0.11488437203674634
QR1,571,2025-04-30,0.16631992737849988
QR1,571,2025-05-31,0.15664864504772527
QR1,571,2025-06-30,0.14494694738073172
QR1,571,2025-07-31,0.19277712738954791
QR1,571,2025-08-31,0.1742726590502829
QR1,571,2025-09-30,0.19120773313669912
QR1,571,2025-10-31,0.20125416313088115
QR1,571,2025-11-30,0.19944589117726072
QR1,571,2025-12-31,0.21747701231151675
QR1,571,2026-01-31,0.21746199381477316
QR1,571,2026-02-28,0.21771490048159078
QR1,571,2026-03-31,0.2000432688867738
QR1,571,2026-04-30,0.15111756801608997
QR1,571,2026-05-31,0.14697251399317365
QR1,571,2026-06-30,0.13070216344516444
QR1,571,2026-07-31,0.07726028085634827
QR1,571,2026-08-31,0.08275462595324962
QR2,571,2018-12-31,0.3235049993325371
QR2,571,2019-01-31,0.3213146794573249
QR2,571,2019-02-28,0.2610276865425631
QR2,571,2019-03-31,0.25485320106933906
QR2,571,2019-04-30,0.2961893251758103
QR2,571,2019-05-31,0.30319402190496914
QR2,571,2019-06-30,0.29792598720713354
QR2,571,2019-07-31,0.29762745694080367
QR2,571,2019-08-31,0.339575223572804
QR2,571,2019-09-30,0.3587135407553029
QR2,571,2019-10-31,0.2839762875876633
QR2,571,2019-11-30,0.324662317180978
QR2,571,2019-12-31,0.27108158543273275
QR2,571,2020-01-31,0.27228609206894416
QR2,571,2020-02-29,0.2754951262972692
QR2,571,2020-03-31,0.4964287390022883
QR2,571,2020-04-30,0.4594594701655345
QR2,571,2020-05-31,0.4517181626320251
QR2,571,2020-06-30,0.4530119654378932
QR2,571,2020-07-31,0.4809814831418628
QR2,571,2020-08-31,0.462726833345194
QR2,571,2020-09-30,0.45236201419316496
QR2,571,2020-10-31,0.4459012021884016
QR2,571,2020-11-30,0.4044633714958636
QR2,571,2020-12-31,0.4318687252915336
QR2,571,2021-01-31,0.4321210049721811
QR2,571,2021-02-28,0.37633062156179115
QR2,571,2021-03-31,0.16313717360938035
QR2,571,2021-04-30,0.1640926997452995
QR2,571,2021-05-31,0.15722170230814567
QR2,571,2021-06-30,0.1674654376611258
QR2,571,2021-07-31,0.13618070795705503
QR2,571,2021-08-31,0.11548613566107706
QR2,571,2021-09-30,0.08779009607328837
QR2,571,2021-10-31,0.08932604659387744
QR2,571,2021-11-30,0.0903468507904603
QR2,571,2021-12-31,0.06419041107795011
QR2,571,2022-01-31,0.06912001533609576
QR2,571,2022-02-28,0.06695969073044747
QR2,571,2022-03-31,0.06476190482332965
QR2,571,2022-04-30,0.0732166178025583
QR2,571,2022-05-31,0.07629431344068822
QR2,571,2022-06-30,0.07007736182959472
QR2,571,2022-07-31,0.0698819837215977
QR2,571,2022-08-31,0.06239354852404447
QR2,571,2022-09-30,0.062436439280393656
QR2,571,2022-10-31,0.061100489479510134
QR2,571,2022-11-30,0.0701661997764282
QR2,571,2022-12-31,0.0662710485743104
QR2,571,2023-01-31,0.07225181298471088
QR2,571,2023-02-28,0.07560431307180496
QR2,571,2023-03-31,0.07170785297274634
QR2,571,2023-04-30,0.06724217182013222
QR2,571,2023-05-31,0.06226981504372558
QR2,571,2023-06-30,0.05328495652343324
QR2,571,2023-07-31,0.065887102760446
QR2,571,2023-08-31,0.06530929404301979
QR2,571,2023-09-30,0.061430716309823864
QR2,571,2023-10-31,0.06098076113783491
QR2,571,2023-11-30,0.05177353725410932
QR2,571,2023-12-31,0.05221524465559433
QR2,571,2024-01-31,0.040143955194471205
QR2,571,2024-02-29,0.0365441611608526
QR2,571,2024-03-31,0.0375342167936005
QR2,571,2024-04-30,0.032412728555137015
QR2,571,2024-05-31,0.05447480319149949
QR2,571,2024-06-30,0.07031242126178712
QR2,571,2024-07-31,0.06886357322697556
QR2,571,2024-08-31,0.09087955467907292
QR2,571,2024-09-30,0.08838598205348862
QR2,571,2024-10-31,0.08945582521966745
QR2,571,2024-11-30,0.08805551992496696
QR2,571,2024-12-31,0.08881493798450424
QR2,571,2025-01-31,0.08715904078594726
QR2,571,2025-02-28,0.08721041102219328
QR2,571,2025-03-31,0.10412631330629675
QR2,571,2025-04-30,0.15526163585197958
QR2,571,2025-05-31,0.13844861558267166
QR2,571,2025-06-30,0.1447412907009681
QR2,571,2025-07-31,0.16098004480202968
QR2,571,2025-08-31,0.13821740818870337
QR2,571,2025-09-30,0.15368509922677007
QR2,571,2025-10-31,0.16153011369655354
QR2,571,2025-11-30,0.16107502481699784
QR2,571,2025-12-31,0.1702984392075382
QR2,571,2026-01-31,0.16978869726350407
QR2,571,2026-02-28,0.17139438570100984
QR2,571,2026-03-31,0.15721869337358696
QR2,571,2026-04-30,0.10704581195468571
QR2,571,2026-05-31,0.10697682641742062
QR2,571,2026-06-30,0.08926558563547958
QR2,571,2026-07-31,0.06735193835365809
QR2,571,2026-08-31,0.0727149659919628
HAR,571,2018-12-31,0.33389968998343195
HAR,571,2019-01-31,0.32073827483220096
HAR,571,2019-02-28,0.2702567425099616
HAR,571,2019-03-31,0.26204930516551445
HAR,571,2019-04-30,0.29043624751694014
HAR,571,2019-05-31,0.3000526440955649
HAR,571,2019-06-30,0.29269782796756383
HAR,571,2019-07-31,0.29873473481689045
HAR,571,2019-08-31,0.344586548887994
HAR,571,2019-09-30,0.35661197532954375
HAR,571,2019-10-31,0.24540827186988212
HAR,571,2019-11-30,0.29327109668904927
HAR,571,2019-12-31,0.25696624369572135
HAR,571,2020-01-31,0.26061129173986564
HAR,571,2020-02-29,0.2674527929983303
HAR,571,2020-03-31,0.5311930723815549
HAR,571,2020-04-30,0.5037125416130532
HAR,571,2020-05-31,0.48642365727386366
HAR,571,2020-06-30,0.4926554881070855
HAR,571,2020-07-31,0.5082161255196384
HAR,571,2020-08-31,0.47986282029576793
HAR,571,2020-09-30,0.48304971389565005
HAR,571,2020-10-31,0.48096245129511267
HAR,571,2020-11-30,0.42804988573871583
HAR,571,2020-12-31,0.4656829712363449
HAR,571,2021-01-31,0.4654703999496009
HAR,571,2021-02-28,0.4090497916222415
HAR,571,2021-03-31,0.1479371984396486
HAR,571,2021-04-30,0.15732478140987588
HAR,571,2021-05-31,0.15147093307220003
HAR,571,2021-06-30,0.16348293529531624
HAR,571,2021-07-31,0.1407190926248772
HAR,571,2021-08-31,0.12831852868803098
HAR,571,2021-09-30,0.09542100214863843
HAR,571,2021-10-31,0.09436400861683014
HAR,571,2021-11-30,0.0944784228568979
HAR,571,2021-12-31,0.0641333281196216
HAR,571,2022-01-31,0.06409116357430669
HAR,571,2022-02-28,0.06953492849733554
HAR,571,2022-03-31,0.07559767586407853
HAR,571,2022-04-30,0.070793750661282
HAR,571,2022-05-31,0.08751588237673952
HAR,571,2022-06-30,0.0746490954696624
HAR,571,2022-07-31,0.07643057460868488
HAR,571,2022-08-31,0.06614882369877528
HAR,571,2022-09-30,0.06717222246811895
HAR,571,2022-10-31,0.0746589282069198
HAR,571,2022-11-30,0.07740702950720922
HAR,571,2022-12-31,0.07396343798605166
HAR,571,2023-01-31,0.07184697449389867
HAR,571,2023-02-28,0.06761914138860417
HAR,571,2023-03-31,0.06098402999307482
HAR,571,2023-04-30,0.07225953156876731
HAR,571,2023-05-31,0.055791997172184166
HAR,571,2023-06-30,0.052462065775079364
HAR,571,2023-07-31,0.0684020261674946
HAR,571,2023-08-31,0.07072983001608352
HAR,571,2023-09-30,0.06660959642064873
HAR,571,2023-10-31,0.06156408158566052
HAR,571,2023-11-30,0.05891246110970232
HAR,571,2023-12-31,0.06001724754281318
HAR,571,2024-01-31,0.058306901356822864
HAR,571,2024-02-29,0.055200427019623154
HAR,571,2024-03-31,0.057088625775565505
HAR,571,2024-04-30,0.044132858612881055
HAR,571,2024-05-31,0.048893130170854636
HAR,571,2024-06-30,0.06849631787485112
HAR,571,2024-07-31,0.06973752549324942
HAR,571,2024-08-31,0.08493745520373173
HAR,571,2024-09-30,0.0845951390342584
HAR,571,2024-10-31,0.08469109464661867
HAR,571,2024-11-30,0.0842538404516429
HAR,571,2024-12-31,0.07963496862061649
HAR,571,2025-01-31,0.07946771000007295
HAR,571,2025-02-28,0.07959306628878515
HAR,571,2025-03-31,0.09494161969296118
HAR,571,2025-04-30,0.18676042753591462
HAR,571,2025-05-31,0.19678345878620615
HAR,571,2025-06-30,0.1990098999864448
HAR,571,2025-07-31,0.22228649747057902
HAR,571,2025-08-31,0.2074171977546757
HAR,571,2025-09-30,0.22449998203878954
HAR,571,2025-10-31,0.23475286005600124
HAR,571,2025-11-30,0.23538768819925468
HAR,571,2025-12-31,0.24813842840629988
HAR,571,2026-01-31,0.24895382664867807
HAR,571,2026-02-28,0.24942201711866382
HAR,571,2026-03-31,0.24424184785705536
HAR,571,2026-04-30,0.14887000698074143
HAR,571,2026-05-31,0.13948975040382508
HAR,571,2026-06-30,0.1254565560771518
HAR,571,2026-07-31,0.08563426609864588
HAR,571,2026-08-31,0.0855128827203826
Persistence,571,2018-12-31,0.3597153893619649
Persistence,571,2019-01-31,0.34605187247152536
Persistence,571,2019-02-28,0.3281560309806509
Persistence,571,2019-03-31,0.3339026353380173
Persistence,571,2019-04-30,0.3567173779183623
Persistence,571,2019-05-31,0.39165780010036483
Persistence,571,2019-06-30,0.395227688181512
Persistence,571,2019-07-31,0.4020074088542694
Persistence,571,2019-08-31,0.4826032517381503
Persistence,571,2019-09-30,0.5534867707514994
Persistence,571,2019-10-31,0.3829264015358445
Persistence,571,2019-11-30,0.43145164128620755
Persistence,571,2019-12-31,0.42074029354271697
Persistence,571,2020-01-31,0.4203721142943688
Persistence,571,2020-02-29,0.40350990103268974
Persistence,571,2020-03-31,0.5460918999309429
Persistence,571,2020-04-30,0.5797339560631273
Persistence,571,2020-05-31,0.5578277952984182
Persistence,571,2020-06-30,0.5586959552937641
Persistence,571,2020-07-31,0.6008849206556542
Persistence,571,2020-08-31,0.5305581137915136
Persistence,571,2020-09-30,0.5248189788372759
Persistence,571,2020-10-31,0.5089142563037631
Persistence,571,2020-11-30,0.4587948315943613
Persistence,571,2020-12-31,0.4885788576147437
Persistence,571,2021-01-31,0.5018070854339173
Persistence,571,2021-02-28,0.45870064798688676
Persistence,571,2021-03-31,0.3096557517469241
Persistence,571,2021-04-30,0.26606726663168145
Persistence,571,2021-05-31,0.23685407971995764
Persistence,571,2021-06-30,0.24644345340211696
Persistence,571,2021-07-31,0.20534772320466985
Persistence,571,2021-08-31,0.20097422174437807
Persistence,571,2021-09-30,0.14017478708684758
Persistence,571,2021-10-31,0.1392634889732557
Persistence,571,2021-11-30,0.13630446921844278
Persistence,571,2021-12-31,0.10937237651892424
Persistence,571,2022-01-31,0.08271820685226716
Persistence,571,2022-02-28,0.0821083009834175
Persistence,571,2022-03-31,0.07843302925479456
Persistence,571,2022-04-30,0.06357545558047745
Persistence,571,2022-05-31,0.06510455191813981
Persistence,571,2022-06-30,0.04806579040683758
Persistence,571,2022-07-31,0.05500852571213513
Persistence,571,2022-08-31,0.04701089704977876
Persistence,571,2022-09-30,0.03522754109074575
Persistence,571,2022-10-31,0.03558913515865317
Persistence,571,2022-11-30,0.03508446387945086
Persistence,571,2022-12-31,0.041053829931073586
Persistence,571,2023-01-31,0.04149969918454477
Persistence,571,2023-02-28,0.041237752801532856
Persistence,571,2023-03-31,0.04520722844697563
Persistence,571,2023-04-30,0.06753600022222074
Persistence,571,2023-05-31,0.06508217115439348
Persistence,571,2023-06-30,0.06589747985169629
Persistence,571,2023-07-31,0.061949657364101296
Persistence,571,2023-08-31,0.07931587316246781
Persistence,571,2023-09-30,0.07743950064966547
Persistence,571,2023-10-31,0.08117083293100241
Persistence,571,2023-11-30,0.08236074320056547
Persistence,571,2023-12-31,0.07374739443378338
Persistence,571,2024-01-31,0.07394661184870956
Persistence,571,2024-02-29,0.07373190980638586
Persistence,571,2024-03-31,0.07306199938932796
Persistence,571,2024-04-30,0.060825876572535166
Persistence,571,2024-05-31,0.06772117031706884
Persistence,571,2024-06-30,0.08172342317324863
Persistence,571,2024-07-31,0.12442899833587213
Persistence,571,2024-08-31,0.11441478407310975
Persistence,571,2024-09-30,0.1255367948596709
Persistence,571,2024-10-31,0.12268313354084015
Persistence,571,2024-11-30,0.12195769904355014
Persistence,571,2024-12-31,0.11834487237237525
Persistence,571,2025-01-31,0.11762859013471726
Persistence,571,2025-02-28,0.11714172232909197
Persistence,571,2025-03-31,0.13486629424293164
Persistence,571,2025-04-30,0.18284809978041647
Persistence,571,2025-05-31,0.2654509647878937
Persistence,571,2025-06-30,0.271393461661338
Persistence,571,2025-07-31,0.23252200256943734
Persistence,571,2025-08-31,0.2513919351693638
Persistence,571,2025-09-30,0.25618044649748817
Persistence,571,2025-10-31,0.28858058534083286
Persistence,571,2025-11-30,0.28809628753054867
Persistence,571,2025-12-31,0.3056400555178392
Persistence,571,2026-01-31,0.3067810001149753
Persistence,571,2026-02-28,0.31025315696740685
Persistence,571,2026-03-31,0.30055643284676486
Persistence,571,2026-04-30,0.25025526204076637
Persistence,571,2026-05-31,0.16533384378214705
Persistence,571,2026-06-30,0.1648990422205422
Persistence,571,2026-07-31,0.16066118905684976
Persistence,571,2026-08-31,0.13586251906508845
