model,window,target_month,condition,weight_norm
QR1,120,2018-01-31,913.9555922513181,2.5934399295762676
QR1,120,2018-02-28,912.747089746208,2.3227954269611586
QR1,120,2018-03-31,974.1302972092145,1.3509460936727455
QR1,120,2018-04-30,972.2770746343891,1.5934894226323653
QR1,120,2018-05-31,974.4698373315048,1.5483569014508214
QR1,120,2018-06-30,968.704176899611,1.818186624894255
QR1,120,2018-07-31,964.8057443386152,2.106540830334851
QR1,120,2018-08-31,981.0470485670372,2.4553823028089807
QR1,120,2018-09-30,1113.877933472605,3.283623879947984
QR1,120,2018-10-31,1114.6034701484605,3.2101230307192514
QR1,120,2018-11-30,1117.2807103632113,3.0099872799989194
QR1,120,2018-12-31,1122.0016108264535,2.6229933133146197
QR1,120,2019-01-31,1131.6338661794284,2.3877357211845327
QR1,120,2019-02-28,1136.0551090803276,2.353891636375842
QR1,120,2019-03-31,1052.31996918131,2.474035453994283
QR1,120,2019-04-30,1067.1828185163615,1.866120137139516
QR1,120,2019-05-31,1071.6490667422877,2.326120610864696
QR1,120,2019-06-30,1109.8809850408627,2.4564537725911455
QR1,120,2019-07-31,1098.3251274493011,2.6554830073204463
QR1,120,2019-08-31,1079.731864261553,3.404702546463981
QR1,120,2019-09-30,1088.653531035964,3.320970610531958
QR1,120,2019-10-31,1088.506990927603,3.75512612750698
QR1,120,2019-11-30,1078.6557798765955,4.026622156503553
QR1,120,2019-12-31,1083.5268920681187,3.6635152930644552
QR1,120,2020-01-31,1084.0429460432422,3.7209448238965823
QR1,120,2020-02-29,1085.6667554459634,3.66167759334588
QR1,120,2020-03-31,1087.3518294366777,3.8624572763526395
QR1,120,2020-04-30,1074.1285677612054,4.892112835216269
QR1,120,2020-05-31,1065.9307750762082,4.34221284592206
QR1,120,2020-06-30,1062.2414232012277,3.73795529415281
QR1,120,2020-07-31,1064.0239170892405,2.5317012752333055
QR1,120,2020-08-31,1065.845229570733,2.563807557622843
QR1,120,2020-09-30,1087.2169939364467,2.6365617298742836
QR1,120,2020-10-31,1098.5795529495097,2.487742406497659
QR1,120,2020-11-30,1099.5637562986376,2.763384701867018
QR1,120,2020-12-31,1102.2842887981635,2.488637175974424
QR1,120,2021-01-31,1096.0768316530691,2.792154275780873
QR1,120,2021-02-28,1101.3312342680317,2.8829956114834774
QR1,120,2021-03-31,1101.0894274148427,2.925962812359008
QR1,120,2021-04-30,1103.641282323562,3.4485568504508826
QR1,120,2021-05-31,1102.5769815656656,3.4575359372016043
QR1,120,2021-06-30,1101.9522799105234,3.3631831999344795
QR1,120,2021-07-31,1102.0372659263282,3.2092822707957374
QR1,120,2021-08-31,1103.2547195148604,3.175191768011937
QR1,120,2021-09-30,1103.3345623600014,3.365075228405433
QR1,120,2021-10-31,1109.6138112368485,4.126352359818898
QR1,120,2021-11-30,1131.4489527917578,5.347175030311703
QR1,120,2021-12-31,1159.7476637477828,5.805219125304507
QR1,120,2022-01-31,1160.46356479069,5.806987627377515
QR1,120,2022-02-28,1175.0342887291008,4.801357710953406
QR1,120,2022-03-31,1133.3105170511212,5.455379202466673
QR1,120,2022-04-30,1129.0752412523486,4.991982023343397
QR1,120,2022-05-31,1012.5382849075434,2.2221028115092354
QR1,120,2022-06-30,988.8212270840135,3.144572179804509
QR1,120,2022-07-31,989.092763193979,2.884178872111055
QR1,120,2022-08-31,954.9402493943459,2.9957893329349248
QR1,120,2022-09-30,939.2704505326811,2.758920944985198
QR1,120,2022-10-31,928.4399311595719,2.8111810397331696
QR1,120,2022-11-30,929.7795969362054,2.5292485124926976
QR1,120,2022-12-31,927.5993313287747,2.6739240552188552
QR1,120,2023-01-31,910.4085439813455,2.9268569879186552
QR1,120,2023-02-28,906.7394152517634,2.6969968884590814
QR1,120,2023-03-31,869.6881964358516,2.172131653994453
QR1,120,2023-04-30,854.3938772448996,2.1682818183722046
QR1,120,2023-05-31,853.5842169250338,2.316320059404021
QR1,120,2023-06-30,852.3798901444862,2.3310857029173166
QR1,120,2023-07-31,853.6136782933162,2.166239307033963
QR1,120,2023-08-31,853.7780299421592,2.3392014452223826
QR1,120,2023-09-30,853.49153822883,2.3198112198559175
QR1,120,2023-10-31,854.7880599305217,2.4649614204641574
QR1,120,2023-11-30,858.8242198835445,2.2892149679390323
QR1,120,2023-12-31,856.8220849374776,2.3062859954349544
QR1,120,2024-01-31,854.2887004024686,2.2260081436001737
QR1,120,2024-02-29,851.2298985602843,2.3084495634056443
QR1,120,2024-03-31,853.5514728233491,2.277969056956156
QR1,120,2024-04-30,858.676318359509,2.2233416722278108
QR1,120,2024-05-31,859.6630439117321,2.218478026431072
QR1,120,2024-06-30,855.6055078373969,2.013813647750373
QR1,120,2024-07-31,857.8023371412032,2.005248624291697
QR1,120,2024-08-31,834.6796284928698,1.9700167324848437
QR1,120,2024-09-30,834.2926219331132,2.018869726610695
QR1,120,2024-10-31,836.4918413643433,2.061325401036002
QR1,120,2024-11-30,836.8866393974347,2.098405164857026
QR1,120,2024-12-31,840.0213974140321,2.415058281165522
QR1,120,2025-01-31,840.7154330212402,1.949843545504548
QR1,120,2025-02-28,841.0890426102857,1.9309931904210975
QR1,120,2025-03-31,836.3764641734396,1.9024198973786224
QR1,120,2025-04-30,847.0178174207182,2.586137815794755
QR1,120,2025-05-31,845.3017059886561,2.2101448426886914
QR1,120,2025-06-30,845.1301964046214,1.932166667461927
QR1,120,2025-07-31,825.328845806251,1.8128593453836075
QR1,120,2025-08-31,792.6593102781655,2.0918739836509634
QR1,120,2025-09-30,795.0086092505779,2.5108732901225492
QR1,120,2025-10-31,792.72780711812,2.2678191803380225
QR1,120,2025-11-30,794.0213429383585,2.213754742159096
QR1,120,2025-12-31,780.826831650477,2.204634802934163
QR1,120,2026-01-31,782.7785091147449,2.2337750405650776
QR1,120,2026-02-28,784.416310736886,2.3146113408397126
QR1,120,2026-03-31,785.125771608749,2.2953654236395207
QR1,120,2026-04-30,784.7057051155244,2.203869419273897
QR1,120,2026-05-31,785.9633986987008,2.152361722139808
QR1,120,2026-06-30,785.5512031726548,2.150722680791325
QR1,120,2026-07-31,770.3236552687223,1.9631920729052692
QR1,120,2026-08-31,769.5506445909404,1.8264765886460836
QR1,571,2018-01-31,795.7729874694401,2.6010800244434487
QR1,571,2018-02-28,796.1959079194136,2.559719020277433
QR1,571,2018-03-31,798.4105235308014,2.3794940850683237
QR1,571,2018-04-30,798.7147722861309,2.401604276919018
QR1,571,2018-05-31,798.9216384038475,2.3949018186978965
QR1,571,2018-06-30,798.2839118107933,2.486034223566882
QR1,571,2018-07-31,797.6031546485789,2.619073129684676
QR1,571,2018-08-31,798.195289588875,2.5793784861139413
QR1,571,2018-09-30,797.8696596902356,2.540614868612804
QR1,571,2018-10-31,798.3500123140439,2.5026877311504494
QR1,571,2018-11-30,799.9155295831458,2.504453259239632
QR1,571,2018-12-31,801.4873294198825,2.377161186863252
QR1,571,2019-01-31,802.0829201283822,2.311094409691152
QR1,571,2019-02-28,802.5970334943755,2.323188574020925
QR1,571,2019-03-31,793.0340179389865,1.8358490356126718
QR1,571,2019-04-30,793.1091188479224,1.8626431896735647
QR1,571,2019-05-31,794.2186488739871,2.03723926184603
QR1,571,2019-06-30,793.8092381931107,2.0954579662894433
QR1,571,2019-07-31,794.2559570695583,2.1466945974328393
QR1,571,2019-08-31,791.1506120352485,2.0574153440998213
QR1,571,2019-09-30,791.3042569158137,2.085318857948753
QR1,571,2019-10-31,791.0459483034539,2.168003147527282
QR1,571,2019-11-30,789.7695042408576,2.2134657687554733
QR1,571,2019-12-31,789.7796366863461,2.225131262505463
QR1,571,2020-01-31,789.7547455145683,2.2349810751354293
QR1,571,2020-02-29,790.4237296648774,2.184199328772937
QR1,571,2020-03-31,790.5464612383076,2.1990871509890284
QR1,571,2020-04-30,789.8247006607473,2.4316294410692243
QR1,571,2020-05-31,788.9200671567826,2.3721679589449445
QR1,571,2020-06-30,782.3467326554626,1.9788362185198594
QR1,571,2020-07-31,780.9749764554463,1.8327503777012046
QR1,571,2020-08-31,780.8238126556614,1.8107573453310652
QR1,571,2020-09-30,780.0841077044329,1.6652537308466893
QR1,571,2020-10-31,780.0654754115967,1.7504844579883798
QR1,571,2020-11-30,778.4962744695036,1.7681364533566764
QR1,571,2020-12-31,777.9791182650894,1.7617652933612518
QR1,571,2021-01-31,777.4121277198157,1.8112846518785253
QR1,571,2021-02-28,777.3545908172616,1.8213711580557423
QR1,571,2021-03-31,777.8081910810602,1.8252446574090975
QR1,571,2021-04-30,776.9651894629739,1.90453908703181
QR1,571,2021-05-31,777.4889950781363,1.9061614801644235
QR1,571,2021-06-30,777.7556714422027,1.8970523092424356
QR1,571,2021-07-31,777.5821224242125,1.7709073111449338
QR1,571,2021-08-31,779.5118068395212,1.7185396538579814
QR1,571,2021-09-30,780.6323333335667,1.6720043606403086
QR1,571,2021-10-31,788.3937717197264,1.7193605072113098
QR1,571,2021-11-30,788.0230547470387,1.700392563722629
QR1,571,2021-12-31,788.3936225616962,1.7090064903031053
QR1,571,2022-01-31,788.9611941165153,1.7385966993584017
QR1,571,2022-02-28,789.160919234061,1.7485124861013177
QR1,571,2022-03-31,781.9307645677125,1.8714926872334818
QR1,571,2022-04-30,782.6535200006373,1.9297236234818833
QR1,571,2022-05-31,772.0125899344191,1.6974183767171573
QR1,571,2022-06-30,771.2394222099192,2.022690709078116
QR1,571,2022-07-31,771.581454660467,2.012540756821926
QR1,571,2022-08-31,769.2593000924305,2.0562159184860125
QR1,571,2022-09-30,769.8023106502893,2.118167671396654
QR1,571,2022-10-31,769.029513211714,2.2612995623722214
QR1,571,2022-11-30,777.2008250391672,2.235952722870297
QR1,571,2022-12-31,777.1015859683163,2.194855237376269
QR1,571,2023-01-31,774.5792424100113,2.149224769426083
QR1,571,2023-02-28,772.5798332580281,2.038167498764974
QR1,571,2023-03-31,756.925925678512,1.8425754482294758
QR1,571,2023-04-30,753.5918590125958,1.9626130665868222
QR1,571,2023-05-31,753.5060317486297,2.0113523757190293
QR1,571,2023-06-30,753.6270587606391,2.0146414338978085
QR1,571,2023-07-31,753.6974073497831,2.0300294840880655
QR1,571,2023-08-31,753.943387702424,2.037247991524998
QR1,571,2023-09-30,754.1348240707804,2.040941966347014
QR1,571,2023-10-31,754.4568276786571,2.0355432579658035
QR1,571,2023-11-30,754.1131715438185,2.042737887886704
QR1,571,2023-12-31,754.1138864200376,2.0658234498821755
QR1,571,2024-01-31,753.4672897084024,2.081440693809771
QR1,571,2024-02-29,754.1854044899694,2.061613618303318
QR1,571,2024-03-31,754.2616575722659,2.063321189218271
QR1,571,2024-04-30,754.2199760586866,2.0451327782395685
QR1,571,2024-05-31,755.2999840953715,2.0444109693687254
QR1,571,2024-06-30,752.1991078940829,1.8783993380572066
QR1,571,2024-07-31,751.9381254944974,1.8237284769340742
QR1,571,2024-08-31,750.0442003061214,1.6694475491269274
QR1,571,2024-09-30,750.1179152544203,1.697363883472142
QR1,571,2024-10-31,750.222093956874,1.6775855825545336
QR1,571,2024-11-30,750.5435505604992,1.6851381918603305
QR1,571,2024-12-31,750.4728855602309,1.6755171683258472
QR1,571,2025-01-31,750.788220799934,1.6525208422222768
QR1,571,2025-02-28,750.6035530737109,1.6337544603987726
QR1,571,2025-03-31,749.6372740308201,1.6259765198383382
QR1,571,2025-04-30,749.8351794720323,1.616623026183075
QR1,571,2025-05-31,748.4189299834087,1.7982479343715305
QR1,571,2025-06-30,748.2179571852824,1.844382885734807
QR1,571,2025-07-31,747.2275071553635,1.9372888394335415
QR1,571,2025-08-31,745.5741914080113,2.1613954856521986
QR1,571,2025-09-30,745.0173432629842,2.1459229648688543
QR1,571,2025-10-31,744.3445740758584,2.045015071805463
QR1,571,2025-11-30,744.5968222107913,2.104953827369971
QR1,571,2025-12-31,744.5853319898633,2.114377294305438
QR1,571,2026-01-31,744.8250001774982,2.083761547218761
QR1,571,2026-02-28,744.6962700265152,2.0686185433051585
QR1,571,2026-03-31,744.8804867271256,2.065526155455395
QR1,571,2026-04-30,744.1815290147962,2.0963775524860067
QR1,571,2026-05-31,744.1768822216005,2.0721675011998397
QR1,571,2026-06-30,743.9522361585493,2.0722617235560783
QR1,571,2026-07-31,744.1295419215468,1.9643845612832636
QR1,571,2026-08-31,756.7804167676035,1.930683090370021
QR2,120,2018-01-31,6293.712790490509,44.92378751886998
QR2,120,2018-02-28,6348.517081881448,46.41536567813943
QR2,120,2018-03-31,6335.536189700746,40.860175360328775
QR2,120,2018-04-30,6346.055098768776,39.208766620955146
QR2,120,2018-05-31,6165.089304611506,37.60571088724762
QR2,120,2018-06-30,6036.35293553621,39.493919739482685
QR2,120,2018-07-31,5970.846725306614,41.59109270903923
QR2,120,2018-08-31,5977.464650081173,49.75791022077676
QR2,120,2018-09-30,5987.545021885928,50.14693620330426
QR2,120,2018-10-31,5981.722564968121,43.96101507216736
QR2,120,2018-11-30,5983.259728256392,45.67077373844116
QR2,120,2018-12-31,6129.833044112014,44.834413212122584
QR2,120,2019-01-31,6256.536222751129,40.448524919477485
QR2,120,2019-02-28,6031.998006766799,40.04818693007351
QR2,120,2019-03-31,6354.047151553921,43.350470329675716
QR2,120,2019-04-30,6269.227739673588,44.43291768563749
QR2,120,2019-05-31,6292.529646931107,43.22297006513052
QR2,120,2019-06-30,6444.745266665832,40.63019301686634
QR2,120,2019-07-31,6499.8069774374635,40.1127372598848
QR2,120,2019-08-31,6777.371996362515,36.065941800125536
QR2,120,2019-09-30,7036.303770592074,37.75615019396389
QR2,120,2019-10-31,6880.14368019623,31.777394313726962
QR2,120,2019-11-30,6878.57474325755,27.10181141536018
QR2,120,2019-12-31,6957.859396922153,27.313770069155723
QR2,120,2020-01-31,6948.54721074201,27.230665640774806
QR2,120,2020-02-29,6960.327983317599,27.60705965585649
QR2,120,2020-03-31,7017.000391575685,23.87219372058508
QR2,120,2020-04-30,7025.917170689494,36.19635913946077
QR2,120,2020-05-31,6741.352164798136,35.792539129069795
QR2,120,2020-06-30,6737.4752928438875,33.836041787234684
QR2,120,2020-07-31,6725.841065671374,37.59474654537135
QR2,120,2020-08-31,6720.958070380455,37.8933938945968
QR2,120,2020-09-30,6713.849111759353,36.96607576546352
QR2,120,2020-10-31,6771.182806792816,43.656482607897054
QR2,120,2020-11-30,6781.5244883411615,41.41949015369938
QR2,120,2020-12-31,6799.9336994773075,40.833426706179324
QR2,120,2021-01-31,6947.401928230515,39.522353344979926
QR2,120,2021-02-28,6955.8058437778855,40.19640435733504
QR2,120,2021-03-31,6906.481310712957,38.87794017604767
QR2,120,2021-04-30,6908.168095257377,34.099216910238496
QR2,120,2021-05-31,6870.519755211002,34.609559466553144
QR2,120,2021-06-30,6788.2111524552265,35.7042779272872
QR2,120,2021-07-31,6788.774886979827,34.94104879498951
QR2,120,2021-08-31,6763.929838254077,34.522168128698624
QR2,120,2021-09-30,6786.316430849903,33.409300668809436
QR2,120,2021-10-31,6802.885473188106,37.88970473999582
QR2,120,2021-11-30,6823.025995958304,40.761650664614336
QR2,120,2021-12-31,6842.576062697541,41.38469829254828
QR2,120,2022-01-31,6786.928096477158,40.31228529284676
QR2,120,2022-02-28,6791.6137888051835,41.44049357793497
QR2,120,2022-03-31,6480.328659649014,40.11179742025087
QR2,120,2022-04-30,6473.488727824557,37.01578515132783
QR2,120,2022-05-31,6504.044510284053,32.92902989964826
QR2,120,2022-06-30,5981.573655437027,29.806012555761626
QR2,120,2022-07-31,5983.5809154184535,29.891909268548975
QR2,120,2022-08-31,5711.490633083422,28.563395950889
QR2,120,2022-09-30,5639.469092357107,29.26282069238406
QR2,120,2022-10-31,5641.131466546274,31.122721987549024
QR2,120,2022-11-30,5546.201401918173,29.527547510699357
QR2,120,2022-12-31,5551.33029723128,29.456590719348753
QR2,120,2023-01-31,5548.897577084978,25.636522312864145
QR2,120,2023-02-28,5533.1089224655725,26.326599342243483
QR2,120,2023-03-31,5525.08586167037,25.713092861423807
QR2,120,2023-04-30,5376.772626153053,26.86398199120853
QR2,120,2023-05-31,5303.352196512053,27.175211136647867
QR2,120,2023-06-30,5302.219703565442,27.217846121291405
QR2,120,2023-07-31,5293.29956260889,27.566642215062522
QR2,120,2023-08-31,5292.0033854215035,28.12461447837606
QR2,120,2023-09-30,5239.994677329972,28.00824518320014
QR2,120,2023-10-31,5223.047469755219,28.56118748398172
QR2,120,2023-11-30,5070.74999760126,25.947146362933836
QR2,120,2023-12-31,5070.5737530617025,28.02499532272428
QR2,120,2024-01-31,5024.103227716938,27.679398493431894
QR2,120,2024-02-29,5027.560387975907,26.262920021520745
QR2,120,2024-03-31,4970.88524794944,25.908948302360663
QR2,120,2024-04-30,4981.610650544366,25.8091643178373
QR2,120,2024-05-31,4965.2624726427875,25.07469520640881
QR2,120,2024-06-30,4997.618557069407,24.26803336512452
QR2,120,2024-07-31,4989.481697351224,23.146910940120016
QR2,120,2024-08-31,4965.833102046305,23.117012096371642
QR2,120,2024-09-30,4959.641736278194,22.225089270062064
QR2,120,2024-10-31,4962.062940408077,21.9734480766556
QR2,120,2024-11-30,4892.69463839145,20.72695085048576
QR2,120,2024-12-31,4916.433365445601,19.70311403784283
QR2,120,2025-01-31,4913.350188882033,17.7033336263423
QR2,120,2025-02-28,4913.950207730809,16.58360330320457
QR2,120,2025-03-31,4939.0125400385205,17.30540812863047
QR2,120,2025-04-30,4944.087317399987,16.368221463749308
QR2,120,2025-05-31,4937.554075547687,20.343622851768306
QR2,120,2025-06-30,4947.475955181969,21.03725823319635
QR2,120,2025-07-31,4917.375730895074,20.629752182171618
QR2,120,2025-08-31,4868.698925043207,20.97729072855372
QR2,120,2025-09-30,4867.804148517598,21.94183477331151
QR2,120,2025-10-31,4874.899179587601,23.776013240954423
QR2,120,2025-11-30,4892.526174748396,26.47641491937134
QR2,120,2025-12-31,4868.545324207992,26.039415090953998
QR2,120,2026-01-31,4874.4565945127015,27.499632205688894
QR2,120,2026-02-28,4885.753026873668,29.20115865655061
QR2,120,2026-03-31,4896.079812319763,28.967878290703045
QR2,120,2026-04-30,4921.932552002867,28.805406169372407
QR2,120,2026-05-31,4942.908788188798,30.029728800554395
QR2,120,2026-06-30,4939.6691938223985,30.49856831697125
QR2,120,2026-07-31,4952.430502392527,30.088375257726742
QR2,120,2026-08-31,4873.937890458202,31.616259979324543
QR2,571,2018-01-31,4746.652033287216,16.34656213902466
QR2,571,2018-02-28,4753.138991167595,16.35263195403571
QR2,571,2018-03-31,4766.052194180946,15.21261349503118
QR2,571,2018-04-30,4763.510309444211,14.972193873093286
QR2,571,2018-05-31,4760.433260385687,15.288794089862341
QR2,571,2018-06-30,4752.493575259751,15.745925304098662
QR2,571,2018-07-31,4745.388783933066,16.29782832557898
QR2,571,2018-08-31,4744.782482181027,16.466484597964058
QR2,571,2018-09-30,4744.361044154929,16.62656444966268
QR2,571,2018-10-31,4748.763398054544,16.689518050984343
QR2,571,2018-11-30,4751.449079641123,17.366582215719806
QR2,571,2018-12-31,4751.771143568054,17.402296642890878
QR2,571,2019-01-31,4750.216539447798,16.915174611877593
QR2,571,2019-02-28,4742.368462471449,16.968401385822517
QR2,571,2019-03-31,4749.0010064304315,17.294504239974938
QR2,571,2019-04-30,4729.22352364692,17.43827464384603
QR2,571,2019-05-31,4725.635265282984,16.546288316390413
QR2,571,2019-06-30,4736.871128672059,16.585985691206634
QR2,571,2019-07-31,4754.956876840587,16.103068132533135
QR2,571,2019-08-31,4763.120057087169,16.241982250935003
QR2,571,2019-09-30,4746.60373499014,17.591832274230526
QR2,571,2019-10-31,4749.226004050854,17.453029575414128
QR2,571,2019-11-30,4748.783809249751,17.365857680389144
QR2,571,2019-12-31,4751.376787187059,17.203902740663835
QR2,571,2020-01-31,4751.486625132715,17.28161811693325
QR2,571,2020-02-29,4752.398245623893,17.183579257302515
QR2,571,2020-03-31,4752.558009888511,16.587279033143794
QR2,571,2020-04-30,4755.304152386737,16.40661595260399
QR2,571,2020-05-31,4756.17378632489,16.384454991442784
QR2,571,2020-06-30,4751.460996740072,16.362071659822075
QR2,571,2020-07-31,4741.863356920961,15.824880187526443
QR2,571,2020-08-31,4727.346615028846,16.603546948292497
QR2,571,2020-09-30,4724.351805067306,17.18798064855185
QR2,571,2020-10-31,4722.55125874473,17.00972958489111
QR2,571,2020-11-30,4724.235636030838,16.968432796811165
QR2,571,2020-12-31,4726.425814581587,17.162342832744567
QR2,571,2021-01-31,4735.741162597199,17.820502547278952
QR2,571,2021-02-28,4735.137034917144,17.85701261463639
QR2,571,2021-03-31,4728.784023990593,17.657679918605083
QR2,571,2021-04-30,4730.459163014598,17.587504517324533
QR2,571,2021-05-31,4729.06284448778,17.420737151806613
QR2,571,2021-06-30,4724.849269170374,17.55301793203955
QR2,571,2021-07-31,4727.191255979391,16.95179792271441
QR2,571,2021-08-31,4739.798157090798,16.76969334880089
QR2,571,2021-09-30,4759.580823190174,16.310731809060808
QR2,571,2021-10-31,4765.196111812535,16.279046396180473
QR2,571,2021-11-30,4766.075567387768,16.303340421164876
QR2,571,2021-12-31,4768.677123064115,16.362538390375565
QR2,571,2022-01-31,4769.0832229546695,16.36339990569977
QR2,571,2022-02-28,4777.17482053698,16.498503006548596
QR2,571,2022-03-31,4735.171361930583,16.344943150429742
QR2,571,2022-04-30,4729.05759706862,16.840248798028366
QR2,571,2022-05-31,4740.260757319086,16.16414112628516
QR2,571,2022-06-30,4656.710860570857,15.045852729979455
QR2,571,2022-07-31,4661.051815745489,15.056823068956712
QR2,571,2022-08-31,4587.397249453233,15.050626597363273
QR2,571,2022-09-30,4600.878293913517,15.306931848007919
QR2,571,2022-10-31,4624.631759089872,14.816874572880707
QR2,571,2022-11-30,4601.234472370563,14.590538421073612
QR2,571,2022-12-31,4615.580056128434,14.448562232904132
QR2,571,2023-01-31,4609.40092750592,14.26452699517036
QR2,571,2023-02-28,4611.370839063108,14.169405058538246
QR2,571,2023-03-31,4610.227030544032,14.314299276204014
QR2,571,2023-04-30,4620.5456567760275,13.72942046713916
QR2,571,2023-05-31,4608.114392728895,13.343541623729967
QR2,571,2023-06-30,4606.49144835608,13.372862942059113
QR2,571,2023-07-31,4610.571692883956,13.220804376934618
QR2,571,2023-08-31,4612.838739592451,13.277745111676186
QR2,571,2023-09-30,4602.875063452712,13.436351501571517
QR2,571,2023-10-31,4604.533200480704,13.390268024943374
QR2,571,2023-11-30,4605.785692310487,13.558525915790792
QR2,571,2023-12-31,4607.115819535384,13.533964924781921
QR2,571,2024-01-31,4604.660750962746,13.657812414171175
QR2,571,2024-02-29,4605.7966813481025,13.599003959299704
QR2,571,2024-03-31,4600.493609793995,13.429825448753652
QR2,571,2024-04-30,4601.919726202324,13.444234274467023
QR2,571,2024-05-31,4599.56006758695,13.618204860893147
QR2,571,2024-06-30,4602.521478465353,13.940571352160985
QR2,571,2024-07-31,4602.08547865729,13.94492586426887
QR2,571,2024-08-31,4600.66677792488,13.743592477018135
QR2,571,2024-09-30,4599.156268272265,13.373326397216585
QR2,571,2024-10-31,4600.1405021845885,13.545997681345927
QR2,571,2024-11-30,4591.2879250116375,13.388644826190907
QR2,571,2024-12-31,4593.364545459187,13.545500301808962
QR2,571,2025-01-31,4598.239414174559,13.524092707770617
QR2,571,2025-02-28,4598.45461133913,13.518313364588769
QR2,571,2025-03-31,4601.027975648772,13.499574068058731
QR2,571,2025-04-30,4601.547372830897,13.37192567748924
QR2,571,2025-05-31,4600.338053546603,13.978418662810858
QR2,571,2025-06-30,4602.554778582662,14.119148583023966
QR2,571,2025-07-31,4583.03699913703,15.130348076637398
QR2,571,2025-08-31,4575.200954369123,15.612550926486792
QR2,571,2025-09-30,4572.8281331109465,15.608108975999293
QR2,571,2025-10-31,4581.949851936104,16.20381072025009
QR2,571,2025-11-30,4581.418406679801,16.103675739665412
QR2,571,2025-12-31,4570.933434064354,16.3141784740458
QR2,571,2026-01-31,4572.966059444625,16.397325739132
QR2,571,2026-02-28,4576.601428489903,16.367511310017452
QR2,571,2026-03-31,4577.818358074598,16.308496224916993
QR2,571,2026-04-30,4577.295967415363,16.25002197249419
QR2,571,2026-05-31,4577.821584687792,16.06867048845065
QR2,571,2026-06-30,4579.404824211644,15.807378032609007
QR2,571,2026-07-31,4582.24974268438,15.652242646075964
QR2,571,2026-08-31,4580.705298141612,15.433811402952214
