period,lag,acf
historical,1,0.6950990450784316
historical,2,0.5997201932148035
historical,3,0.5418447505915526
historical,4,0.47186414852525
historical,5,0.48461218810730944
historical,6,0.4555192290473624
historical,7,0.41810951159427434
historical,8,0.3994736279153977
historical,9,0.3916572197999131
historical,10,0.3655327743391563
historical,11,0.34906105411604327
historical,12,0.35872936974861375
historical,13,0.3508337761279915
historical,14,0.32798545265696055
historical,15,0.32319231349907424
historical,16,0.28653028644861633
historical,17,0.26195551785887733
historical,18,0.2651206807331494
historical,19,0.23313474184148955
historical,20,0.20540347589106983
historical,21,0.173085049459405
historical,22,0.17812704311303343
historical,23,0.1509935769752606
historical,24,0.1193375813682071
extended,1,0.4779342183110892
extended,2,0.2593954668147938
extended,3,0.06622201479202408
extended,4,-0.041432766875072524
extended,5,0.011886573606304705
extended,6,-0.00143326070228311
extended,7,0.12864934623892826
extended,8,0.08806711074138483
extended,9,-0.08953789154234784
extended,10,-0.06619866023450649
extended,11,-0.2100145031121675
extended,12,-0.2260454056259666
extended,13,-0.20631705255434624
extended,14,-0.15638555771955273
extended,15,-0.03775194845738661
extended,16,-0.10099241220162172
extended,17,-0.049423480006675416
extended,18,-0.057735915596417775
extended,19,-0.17858716311382358
extended,20,-0.11601868555363777
extended,21,-0.14273646551899455
extended,22,0.00037662274915383745
extended,23,0.17254512907884073
extended,24,0.17506061280466587
