Date,RV,log_rv,rv
1950-01-31,-0.6333126217986882,-3.4822828507512336,0.030737162525268237
1950-02-28,-0.7431696814020756,-3.8687548248462456,0.020884357925330294
1950-03-31,-0.7255799767510609,-3.8068750703291654,0.022217498711884453
1950-04-30,-0.6720149576947498,-3.618435850019912,0.02682460139541109
1950-05-31,-0.6724670433900575,-3.62002626625494,0.026781973021268266
1950-06-30,-0.3722112369552282,-2.563740446615361,0.07701612629795734
1950-07-31,-0.4574175802797138,-2.8634923590451735,0.057069106027614835
1950-08-31,-0.6112780853752762,-3.4047663868974904,0.033214578536457574
1950-09-30,-0.5970051377828858,-3.3545548278761563,0.034924914292861375
1950-10-31,-0.5547987593294792,-3.2060747715267666,0.04051533350232438
1950-11-30,-0.4876854100634382,-2.969973162102523,0.051304687223378394
1950-12-31,-0.4605652404309666,-2.874565679565736,0.056440647507764334
1951-01-31,-0.5469916835734634,-3.1786098458294134,0.04164350579443729
1951-02-28,-0.6877390293667764,-3.6737523953729263,0.02538105129494982
1951-03-31,-0.6152292305511793,-3.4186663299833526,0.03275609163801382
1951-04-30,-0.6673846577808201,-3.6021466724754845,0.027265130275988272
1951-05-31,-0.5741872024662922,-3.274282403523882,0.03784401622054955
1951-06-30,-0.6152479157972601,-3.4187320638011465,0.03275393852582137
1951-07-31,-0.5831748012077123,-3.3059003536174902,0.036666184438650225
1951-08-31,-0.7096163912167175,-3.750715926461983,0.023500914905005093
1951-09-30,-0.8203318721448157,-4.140207786444747,0.01591954329551973
1951-10-31,-0.5735116124956241,-3.271905709749394,0.037934066827271865
1951-11-30,-0.649470357170346,-3.539125004624037,0.029038724719022264
1951-12-31,-0.7564487604350529,-3.915470000972079,0.019931178770500255
1952-01-31,-0.7042444954815474,-3.731817849662012,0.023949260087273355
1952-02-29,-0.6723706356705319,-3.619687108427327,0.02679105787757033
1952-03-31,-0.6894349303930798,-3.679718495502235,0.0252300762155787
1952-04-30,-0.6735456416300281,-3.623820724185653,0.02668054250994056
1952-05-31,-0.721403744417626,-3.792183281198736,0.02254632311267258
1952-06-30,-0.7871331670518369,-4.023416301755437,0.017891736840246242
1952-07-31,-0.777400492530074,-3.989177210073668,0.018514941761953257
1952-08-31,-0.8111560936672352,-4.107927828880875,0.01644180949375491
1952-09-30,-0.7461843583678319,-3.879360316768393,0.02066403939430466
1952-10-31,-0.6251088425186875,-3.4534223406954574,0.03163717769193517
1952-11-30,-0.7423226725486818,-3.865775087496376,0.0209466806332059
1952-12-31,-0.8107575232739217,-4.106525676963868,0.016464879578557762
1953-01-31,-0.7496005398471413,-3.891378282704692,0.02041718598181916
1953-02-28,-0.5694817217800572,-3.2577287435548223,0.03847568700428221
1953-03-31,-0.6787371545978016,-3.642084222885134,0.026197685209907503
1953-04-30,-0.5924392592014815,-3.3384922815527425,0.035490426974630826
1953-05-31,-0.7113834340342096,-3.7569323000701247,0.023355277574842192
1953-06-30,-0.6180286388467753,-3.428514516838188,0.03243508677927519
1953-07-31,-0.706896593490042,-3.741147805848139,0.023726853674348285
1953-08-31,-0.6844159413444865,-3.662061927844463,0.02567950880577038
1953-09-30,-0.6145697311284078,-3.416346242000358,0.032832176880692315
1953-10-31,-0.7058620049298794,-3.7375081719032144,0.023813368081269576
1953-11-30,-0.7390337956670114,-3.854204973153215,0.02119044358654016
1953-12-31,-0.7542697223510766,-3.907804247373877,0.020084553390828503
1954-01-31,-0.729768106117989,-3.821608712664447,0.021892553722147143
1954-02-28,-0.7823885935038462,-4.006725114935483,0.018192877367440165
1954-03-31,-0.7750030938757618,-3.980743274248608,0.018671755943418158
1954-04-30,-0.6649216994924518,-3.5934821009381084,0.027502397372208325
1954-05-31,-0.7342035809630474,-3.8372125047703625,0.021553598237984826
1954-06-30,-0.6347220253344683,-3.487241066169851,0.030585138248114072
1954-07-31,-0.6962830526160604,-3.703809867726416,0.024629512309234616
1954-08-31,-0.6033015593069369,-3.3767053429629383,0.03415981441260016
1954-09-30,-0.674817695651095,-3.628295750464821,0.02656141313341702
1954-10-31,-0.7197460133253031,-3.7863514611037714,0.022678193360906984
1954-11-30,-0.6000262349508925,-3.3651829057681697,0.034555695103989134
1954-12-31,-0.538122039884686,-3.147406856068931,0.04296339280170077
1955-01-31,-0.4934327278739042,-2.990191956124329,0.05027778466855116
1955-02-28,-0.6769844944933299,-3.635918446985632,0.02635971326702705
1955-03-31,-0.4954526748335061,-2.997298034621814,0.0499217732048258
1955-04-30,-0.6918098717818799,-3.688073427722369,0.025020158782953335
1955-05-31,-0.673677982888043,-3.624286294513349,0.026668123732152646
1955-06-30,-0.5247499594521867,-3.100364505389213,0.045032784708854655
1955-07-31,-0.5165425745947232,-3.0714913110813287,0.0463519780696602
1955-08-31,-0.6055041125087106,-3.3844538216407027,0.03389615063474092
1955-09-30,-0.369065134315743,-2.5526726053480173,0.0778732631363705
1955-10-31,-0.4850901640080579,-2.9608432084162852,0.05177524144210262
1955-11-30,-0.5306727084491701,-3.1212004580826243,0.04410419139466869
1955-12-31,-0.6446895233254564,-3.522306255783268,0.02953124995584644
1956-01-31,-0.6004224716174069,-3.3665768477439473,0.0345075600266281
1956-02-29,-0.6100908061120356,-3.4005895942332485,0.03335359907230373
1956-03-31,-0.6195617052465987,-3.4339077724022595,0.03226062694315155
1956-04-30,-0.6534860110147895,-3.55325188617491,0.028631382109310433
1956-05-31,-0.5393163064749885,-3.151608229821481,0.04278326618544135
1956-06-30,-0.6082473650507771,-3.394104455193077,0.03357060469504531
1956-07-31,-0.7245046999929559,-3.8030922972155974,0.022301701628519514
1956-08-31,-0.552400063539759,-3.1976362724402865,0.040858668686535135
1956-09-30,-0.5477514622789232,-3.181282711617325,0.041532346915072016
1956-10-31,-0.560995645158402,-3.227875124714732,0.03964164290613942
1956-11-30,-0.5463721677491213,-3.1764304182670795,0.04173436377198427
1956-12-31,-0.6284358026702717,-3.4651264301928473,0.0312690518241577
1957-01-31,-0.6374004831537075,-3.496663754931672,0.030298297537344615
1957-02-28,-0.6203583396158231,-3.436710294683646,0.032170342388661906
1957-03-31,-0.7665656136893094,-3.9510606153842778,0.019234290768491598
1957-04-30,-0.8095137823942241,-4.102150254985756,0.016537078209087393
1957-05-31,-0.7241495218333527,-3.801842797138016,0.022329585022958554
1957-06-30,-0.7475104965200154,-3.884025608479708,0.020567860149158335
1957-07-31,-0.719265688743007,-3.784661701791111,0.022716546443946762
1957-08-31,-0.5156358338825215,-3.068301439858651,0.04650007098370735
1957-09-30,-0.562873464991495,-3.234481206658945,0.039380630050079045
1957-10-31,-0.4094345927434394,-2.6946904633539064,0.06756329185259888
1957-11-30,-0.4559972652645594,-2.858495757554789,0.05735497119025331
1957-12-31,-0.5911817925366374,-3.334068572907386,0.0356477740554906
1958-01-31,-0.6668578430177214,-3.6002933628910827,0.02731570785672949
1958-02-28,-0.671971235309895,-3.6182820367242714,0.026828727693087553
1958-03-31,-0.7190589076964926,-3.7839342557849975,0.022733077516932616
1958-04-30,-0.6692034827704304,-3.6085452133321736,0.027091230172720263
1958-05-31,-0.7440436176066589,-3.8718292913524297,0.020820248268381084
1958-06-30,-0.6875774834291679,-3.673184084354591,0.025395479725587394
1958-07-31,-0.6921377310487666,-3.689226821218941,0.024991317330499075
1958-08-31,-0.7095687263578005,-3.750548243727827,0.02350485593308348
1958-09-30,-0.7374144492695844,-3.8485081886114054,0.021311505482361204
1958-10-31,-0.6418320475722676,-3.512253790340897,0.029829608934681423
1958-11-30,-0.5785082619529627,-3.289483687774749,0.03727308898048562
1958-12-31,-0.6685934592448441,-3.6063991792308703,0.027149431304987544
1959-01-31,-0.7023813610223053,-3.7252634301730208,0.0241067491451957
1959-02-28,-0.6059116383545745,-3.3858874784190145,0.033847590006579116
1959-03-31,-0.7272970909053269,-3.812915797245956,0.02208369341689893
1959-04-30,-0.7249134130069363,-3.804530130395564,0.02226965854377393
1959-05-31,-0.723916572401122,-3.801023291980464,0.022347891733248068
1959-06-30,-0.6399446556794343,-3.5056140343402573,0.03002832925675692
1959-07-31,-0.7312918284054095,-3.8269690960801137,0.02177551520615418
1959-08-31,-0.6055123105607575,-3.384482662002622,0.033895173071585655
1959-09-30,-0.5491373355599625,-3.1861581487053225,0.04133035137895233
1959-10-31,-0.695662518605908,-3.70162685823424,0.02468333749746629
1959-11-30,-0.7239881664734149,-3.801275156562971,0.022342263799595096
1959-12-31,-0.7951781405575606,-4.051718140558733,0.017392466251760445
1960-01-31,-0.6359164467287848,-3.491442984515648,0.030456891624216196
1960-02-29,-0.6055067281785862,-3.384463023444429,0.033895838730450746
1960-03-31,-0.6353051778709152,-3.489292569393884,0.03052245705570841
1960-04-30,-0.6386963429918434,-3.5012225289567818,0.030160488803630675
1960-05-31,-0.7541336811094663,-3.907325660677735,0.020094167891381822
1960-06-30,-0.7227057696078858,-3.796763744642941,0.022443286661350637
1960-07-31,-0.6331901018894384,-3.4818518314670417,0.03075041369060672
1960-08-31,-0.6871889870403031,-3.6718173723119105,0.02543021176249822
1960-09-30,-0.544867216518074,-3.1711360705457827,0.04195590594889246
1960-10-31,-0.5951149121072672,-3.347905102760822,0.03515792925667702
1960-11-30,-0.6401293125364076,-3.5062636484870615,0.030008828763850633
1960-12-31,-0.7426783335932594,-3.867026286340609,0.020920488559770092
1961-01-31,-0.6761940971427582,-3.633137866242822,0.02643311057440301
1961-02-28,-0.7134332422803353,-3.76414342917058,0.02318746543775626
1961-03-31,-0.7103365326390838,-3.7532493501503126,0.0234414524840439
1961-04-30,-0.4500963358568088,-2.837736565151115,0.05855805842724909
1961-05-31,-0.7540865566094503,-3.9071598789008046,0.02009749941438606
1961-06-30,-0.6080237907463062,-3.393317931294497,0.03359701916437172
1961-07-31,-0.6925330684660898,-3.6906175996783146,0.02495658410339509
1961-08-31,-0.7560723159981421,-3.914145687130117,0.01995759139187247
1961-09-30,-0.59977079630982,-3.3642842846305587,0.03458676153842118
1961-10-31,-0.6943051177258073,-3.69685158571498,0.024801489039086844
1961-11-30,-0.7683160172789161,-3.9572184529705057,0.019116213054660252
1961-12-31,-0.7739383910233273,-3.9769976996383782,0.01874182353819347
1962-01-31,-0.6547492179181739,-3.5576957887097485,0.028504429329593472
1962-02-28,-0.8155929591730483,-4.123536513265987,0.016187166965951266
1962-03-31,-0.8060172089595996,-4.089849473927842,0.016741753439308255
1962-04-30,-0.630679360400616,-3.473019160875542,0.03102322501794554
1962-05-31,-0.2971390924307684,-2.29964016941279,0.10029492641285194
1962-06-30,-0.3694361169626735,-2.5539777048694488,0.07777169706924804
1962-07-31,-0.5408481960383655,-3.156997345330227,0.042553322375515595
1962-08-31,-0.6569316786776007,-3.5653735831193725,0.02828641618246011
1962-09-30,-0.6004989261471361,-3.3668458111873494,0.0344982800025095
1962-10-31,-0.4499685623668752,-2.8372870640169143,0.05858438625768024
1962-11-30,-0.5920395726068781,-3.337086202892041,0.0355403644064102
1962-12-31,-0.6937053580893724,-3.6947416594934666,0.02485387359548382
1963-01-31,-0.677119981565624,-3.636395084140157,0.02634715224206476
1963-02-28,-0.757424728966704,-3.918903412410939,0.019862864176483398
1963-03-31,-0.7711528429854808,-3.967198272519087,0.018926385495829222
1963-04-30,-0.7870269590531904,-4.023042667006338,0.017898423063876442
1963-05-31,-0.7949152173148926,-4.050793188944369,0.017408560883728226
1963-06-30,-0.816388287076065,-4.1263344394606385,0.016141939768165404
1963-07-31,-0.7156190977852259,-3.7718331661352447,0.023009843735009822
1963-08-31,-0.7847424970117743,-4.015006036879166,0.018042845627942568
1963-09-30,-0.7825767242223559,-4.007386949963954,0.018180840667523894
1963-10-31,-0.6999004329461938,-3.716535641766667,0.024318068585155082
1963-11-30,-0.4656857104411184,-2.892579252478229,0.05543305223012357
1963-12-31,-0.8098564674953738,-4.103355805070679,0.016517153945310073
1964-01-31,-0.8666346748114514,-4.3030988707074345,0.013526576884325273
1964-02-29,-1.0,-4.7722718186046515,0.008461136142266856
1964-03-31,-0.9332668374904104,-4.537507688326682,0.010700041186386533
1964-04-30,-0.8195924249856883,-4.137606446081564,0.01596100935634337
1964-05-31,-0.8178511895365461,-4.131480861582728,0.01605907993098169
1964-06-30,-0.7560421504268512,-3.9140395660676326,0.01995970942505758
1964-07-31,-0.8551349808418685,-4.262643487630932,0.014085019578485722
1964-08-31,-0.7457065517086534,-3.877679415390957,0.020698802815341963
1964-09-30,-0.8771215789564399,-4.339991306766536,0.013036641533513567
1964-10-31,-0.8636277852152031,-4.29252077438533,0.013670421778785894
1964-11-30,-0.8447519153748406,-4.226116351162077,0.014609016810143064
1964-12-31,-0.77364262994612,-3.975957226064978,0.0187613340586326
1965-01-31,-0.8808174064984285,-4.352993054412283,0.012868239542534033
1965-02-28,-0.7574434776842596,-3.9189693695183982,0.01986155412262062
1965-03-31,-0.8996918403481646,-4.419392425887981,0.01204154619436408
1965-04-30,-0.8839200987127978,-4.36390817984369,0.012728544873196907
1965-05-31,-0.7810062560952347,-4.001862116880554,0.018281564763229424
1965-06-30,-0.521645067919974,-3.089441642860967,0.04552736783992961
1965-07-31,-0.717608024177239,-3.778830115733441,0.0228494069567048
1965-08-31,-0.9425505229668234,-4.570167257642479,0.010356227414564935
1965-09-30,-0.7972235691323555,-4.058913862181223,0.01726776410532274
1965-10-31,-0.8630287604610167,-4.290413433445039,0.013699260393996202
1965-11-30,-0.9029728742830696,-4.430934949112919,0.011903355437022181
1965-12-31,-0.7957112987455945,-4.053593766014013,0.017359875073305067
1966-01-31,-0.8932548849789376,-4.396747519336796,0.012317336722880975
1966-02-28,-0.7818143260294481,-4.004704868942277,0.018229668606209688
1966-03-31,-0.6345090207954651,-3.48649172620957,0.030608065503475595
1966-04-30,-0.7744538814302075,-3.978811170669674,0.018707866583416322
1966-05-31,-0.5305401214712078,-3.120734023323698,0.044124767920979975
1966-06-30,-0.7233252640813843,-3.7989430970940097,0.022394428088918106
1966-07-31,-0.6227441875812869,-3.4451035957280416,0.031901457016752406
1966-08-31,-0.4602366416405028,-2.8734096844599666,0.05650593034610065
1966-09-30,-0.559000555926823,-3.220856494536501,0.03992085162253852
1966-10-31,-0.4935979491816293,-2.9907731969220497,0.05024856966018266
1966-11-30,-0.6612848512178182,-3.5806878395837987,0.027856530839370425
1966-12-31,-0.6917578196751704,-3.687890310856612,0.025024740815521328
1967-01-31,-0.6703641526555211,-3.612628395454315,0.026980837276538196
1967-02-28,-0.7488093977810991,-3.888595082087847,0.020474090257713202
1967-03-31,-0.7243899469193285,-3.8026886012942023,0.022310706552010267
1967-04-30,-0.650628121971665,-3.5431979667979636,0.028920691626993247
1967-05-31,-0.6407902523430257,-3.5085888036727533,0.02993913463626413
1967-06-30,-0.6162533049543727,-3.422268975618064,0.03263829536398714
1967-07-31,-0.7917215790418803,-4.03955811955172,0.017605250112902628
1967-08-31,-0.797860410273748,-4.061154239394917,0.01722912110370324
1967-09-30,-0.7715453594853662,-3.968579127123454,0.01890026894500284
1967-10-31,-0.6957470515897143,-3.7019242412995226,0.024675998182248013
1967-11-30,-0.6511744881665571,-3.5451200574007986,0.02886515682594659
1967-12-31,-0.8114270998054096,-4.108881215741858,0.01642614155860131
1968-01-31,-0.7277959809195589,-3.8146708688758775,0.0220449689451501
1968-02-29,-0.6441262851189904,-3.5203248102364406,0.029589822529582782
1968-03-31,-0.5777855382154129,-3.286941179622932,0.03736797668833165
1968-04-30,-0.5467448587285026,-3.1777415276218077,0.04167968131240464
1968-05-31,-0.7561534319913081,-3.914431049382873,0.019951897061145463
1968-06-30,-0.6629808545074088,-3.586654299470547,0.027690820808247522
1968-07-31,-0.664460515292129,-3.5918596765899267,0.027547054147662578
1968-08-31,-0.7892713434087499,-4.030938305717702,0.01775766002020559
1968-09-30,-0.8128763252974724,-4.113979522931659,0.016342609160840665
1968-10-31,-0.812114214529265,-4.111298453056573,0.016386483626915443
1968-11-30,-0.815798653612535,-4.124260136639631,0.016175457790609048
1968-12-31,-0.7800939376320597,-3.99865262339202,0.01834033358492512
1969-01-31,-0.6974976322859938,-3.708082701938705,0.02452449899841128
1969-02-28,-0.6976104525785722,-3.70847959842718,0.024514767242254876
1969-03-31,-0.7126665645640922,-3.76144629298688,0.02325008960478665
1969-04-30,-0.7102266008031415,-3.7528626151165705,0.023450519868185825
1969-05-31,-0.7458732735006851,-3.878265934821968,0.02068666612484242
1969-06-30,-0.6637363482775706,-3.5893120910574052,0.02761732209306894
1969-07-31,-0.5043943193433755,-3.0287543198879687,0.04837586145729705
1969-08-31,-0.6381765735657325,-3.4993940045368808,0.030215688445490815
1969-09-30,-0.6391517206290831,-3.502824526088856,0.030112210468267807
1969-10-31,-0.6668138471490905,-3.600138587492367,0.027319935983500777
1969-11-30,-0.7205596684569163,-3.789213861627528,0.022613372104810094
1969-12-31,-0.6089170612937348,-3.396460415110394,0.03349160679047219
1970-01-31,-0.6082068456913596,-3.3939619099904323,0.03357539036477349
1970-02-28,-0.6182245808467174,-3.4292038315877287,0.0324127364996293
1970-03-31,-0.6315649825756231,-3.476134738076616,0.030926720177578988
1970-04-30,-0.5564228210178981,-3.2117881442407397,0.04028451430731839
1970-05-31,-0.3284046449864402,-2.4096309143042474,0.08984845023099737
1970-06-30,-0.4854497587575916,-2.9621082458497305,0.051709785234558325
1970-07-31,-0.5203746974669259,-3.084972539294988,0.04573128969643182
1970-08-31,-0.5398672842805881,-3.1535465438541097,0.042700419098006946
1970-09-30,-0.6184880967948478,-3.4301308683120606,0.0323827026259609
1970-10-31,-0.6192716470136981,-3.432887361167184,0.032293562850562056
1970-11-30,-0.6385636239347645,-3.5007556295497295,0.030174574005899915
1970-12-31,-0.7150284069186668,-3.769755143420062,0.023057708427699285
1971-01-31,-0.7126762620310709,-3.761480408220081,0.02324929643608748
1971-02-28,-0.736850450826199,-3.8465240685868154,0.021353832043746232
1971-03-31,-0.7268652965714304,-3.811396765066991,0.022117264749341368
1971-04-30,-0.7887413355644775,-4.0290737630237565,0.017790800822076607
1971-05-31,-0.7117543969291673,-3.758237330105044,0.02332481811571062
1971-06-30,-0.6491727616373142,-3.538078077521237,0.02906914206655586
1971-07-31,-0.6907357002325445,-3.6842945426813247,0.025114885955525402
1971-08-31,-0.4995831014900562,-3.011828681533125,0.0492016223451243
1971-09-30,-0.717439189599886,-3.778236163622938,0.022862982441385273
1971-10-31,-0.68304511629776,-3.657239429737742,0.025803647276552582
1971-11-30,-0.5371511739201538,-3.1439913952214535,0.04311038346522617
1971-12-31,-0.6059522823455514,-3.3860304620696295,0.03384275070057452
1972-01-31,-0.7277654284573485,-3.8145633867493167,0.022047338512633085
1972-02-29,-0.8045041459056073,-4.084526589194555,0.01683110545737702
1972-03-31,-0.7112839375765343,-3.756582276206824,0.023363453910200165
1972-04-30,-0.759140477617413,-3.924939335550374,0.01974333455368853
1972-05-31,-0.662389268466478,-3.584573127573984,0.02774851017622971
1972-06-30,-0.76804393869192,-3.956261293284956,0.019134519082634947
1972-07-31,-0.6992992249433128,-3.7144206202600474,0.024369556252780925
1972-08-31,-0.6993514287848577,-3.714604270921826,0.0243650811785856
1972-09-30,-0.7306778988649071,-3.8248093208018585,0.02182259624950315
1972-10-31,-0.6470508888860302,-3.5306134288775564,0.029286944897912795
1972-11-30,-0.7278879258562383,-3.81499432684312,0.022037839477410906
1972-12-31,-0.7188569851569083,-3.783223901777989,0.0227492317865842
1973-01-31,-0.718872317341737,-3.78327783968384,0.02274800477375347
1973-02-28,-0.5914293245008815,-3.334939378727406,0.03561674527835293
1973-03-31,-0.5622249613782966,-3.2321998014173934,0.03947057578821758
1973-04-30,-0.5652805707734403,-3.2429492917029323,0.039048559510865825
1973-05-31,-0.4659599517961998,-2.893544020680286,0.055379597973618626
1973-06-30,-0.5155837080393197,-3.0681180635913785,0.046508598775025604
1973-07-31,-0.5374582567353896,-3.145071698137291,0.04306383633929068
1973-08-31,-0.6119281534086646,-3.4070532956957664,0.033138706613722556
1973-09-30,-0.6363263856680891,-3.4928851304433044,0.030412999998662878
1973-10-31,-0.5830811725523268,-3.305570972406949,0.03667826358007846
1973-11-30,-0.4135141407059169,-2.709042121409984,0.06660057143217037
1973-12-31,-0.3875358587007097,-2.6176517458947837,0.07297402333447078
1974-01-31,-0.4502940666878821,-2.838432172924527,0.058517339150575755
1974-02-28,-0.5349620409833016,-3.136290128405137,0.043443669746884
1974-03-31,-0.5499658434262247,-3.189072800451725,0.04121006318238331
1974-04-30,-0.5467307294073924,-3.177691821334002,0.04168175310612977
1974-05-31,-0.5198128361757131,-3.0829959376713276,0.04582177163180899
1974-06-30,-0.5072586859196099,-3.038831026922051,0.04789083988808449
1974-07-31,-0.3989909404752783,-2.6579501853653116,0.07009174968583956
1974-08-31,-0.4027678828600367,-2.6712372912167752,0.06916659312612712
1974-09-30,-0.3325141190085167,-2.4240878508319303,0.08855886110356778
1974-10-31,-0.3002112717342909,-2.3104479518574745,0.09921679725507178
1974-11-30,-0.4448230527467828,-2.8191854029331265,0.05965451731671875
1974-12-31,-0.4347800198846252,-2.7838544851919105,0.061799841132586936
1975-01-31,-0.4298323460943107,-2.766448801262045,0.06288492555809995
1975-02-28,-0.5145937503115632,-3.064635438817896,0.04667085314484928
1975-03-31,-0.5086508177868654,-3.0437284814223005,0.04765687007465986
1975-04-30,-0.5073790083882033,-3.0392543157132597,0.04787057252213532
1975-05-31,-0.5415617088851187,-3.1595074500009908,0.04244664302644271
1975-06-30,-0.5831232071581043,-3.305718848175095,0.03667284015468377
1975-07-31,-0.5935859140814987,-3.342526159545525,0.03534755128758966
1975-08-31,-0.5041442225079822,-3.0278744909717537,0.04841844266839756
1975-09-30,-0.5068217554139782,-3.0372939259322425,0.0479645095498294
1975-10-31,-0.5174139926649384,-3.074556918909119,0.0462100986672742
1975-11-30,-0.6551866777062954,-3.5592347516904876,0.028460595805804647
1975-12-31,-0.5835545678717704,-3.307236354898463,0.03661723107742985
1976-01-31,-0.5299520699010196,-3.1186652855291426,0.044216144981054285
1976-02-29,-0.5969580579745326,-3.3543892033223957,0.034930699195253975
1976-03-31,-0.5918254558665114,-3.33633295025962,0.0355671453646039
1976-04-30,-0.6244710426327997,-3.451178590663675,0.031708243307310854
1976-05-31,-0.633914329769476,-3.484399631121459,0.0306721675173457
1976-06-30,-0.630337464793038,-3.47181638819191,0.031060561354617128
1976-07-31,-0.7275781825776013,-3.8139046645420382,0.022061866368508067
1976-08-31,-0.6670447816133988,-3.600951004087441,0.027297749827552342
1976-09-30,-0.6428099224681385,-3.5156939082795127,0.029727167867587077
1976-10-31,-0.5911399243289263,-3.333921282519819,0.03565302501664569
1976-11-30,-0.6088916079920117,-3.396370871590845,0.03349460588109211
1976-12-31,-0.704337594666506,-3.7321453682204697,0.023941417544492694
1977-01-31,-0.6758695800582364,-3.6319962303867785,0.02646330479334358
1977-02-28,-0.7803564585632745,-3.9995761596935937,0.018323403440081484
1977-03-31,-0.6827908680081816,-3.6563449962007586,0.025826737248736614
1977-04-30,-0.6271363940159744,-3.460555171599222,0.03141231794979856
1977-05-31,-0.6890144090560553,-3.678239121196608,0.025267428564301236
1977-06-30,-0.7072877930263393,-3.74252402743648,0.02369422272495695
1977-07-31,-0.698145351799055,-3.710361348752814,0.024468679947004874
1977-08-31,-0.701734532018778,-3.722987916129612,0.024161666850724784
1977-09-30,-0.7342676181015231,-3.837437784414761,0.021548743197929644
1977-10-31,-0.6704461844271973,-3.6129169793728426,0.02697305216417492
1977-11-30,-0.579197081674242,-3.291906923190292,0.03718287685797082
1977-12-31,-0.691181838740135,-3.68586403698939,0.02507549920169863
1978-01-31,-0.6379378196891803,-3.498554079616925,0.030241078016363804
1978-02-28,-0.6820325189034262,-3.653677159680957,0.025895730752329454
1978-03-31,-0.6927715765774709,-3.6914566600079457,0.02493565280624938
1978-04-30,-0.547936530154327,-3.1819337717076555,0.04150531566197773
1978-05-31,-0.613772760062195,-3.413542535234786,0.03292435784094768
1978-06-30,-0.6215347733092487,-3.4408489331428536,0.03203747610481051
1978-07-31,-0.6491845050303522,-3.5381193902261856,0.029067941166472943
1978-08-31,-0.6261575243980577,-3.457111554275186,0.03152067641754627
1978-09-30,-0.6326861739796716,-3.480079036757332,0.030804976211102716
1978-10-31,-0.5179660208523287,-3.0764989281355355,0.04612044531130752
1978-11-30,-0.4629789715680946,-2.8830570722979667,0.05596341684770034
1978-12-31,-0.5531442072656798,-3.200254135104782,0.04075184618758189
1979-01-31,-0.6253004215478613,-3.454096306718827,0.03161586249276234
1979-02-28,-0.6531989493462704,-3.552242016712537,0.028660310672345826
1979-03-31,-0.6580536090838713,-3.569320481575184,0.028174992603531332
1979-04-30,-0.6875436320546993,-3.6730649968097033,0.02539850419100366
1979-05-31,-0.6359898399417663,-3.4917011783905663,0.03044902885645269
1979-06-30,-0.7056472358962971,-3.736752624533908,0.023831367007542167
1979-07-31,-0.6746557210058064,-3.627725931273009,0.026576552649365825
1979-08-31,-0.7231013738690522,-3.7981554618464166,0.02241207367806238
1979-09-30,-0.5957011453294863,-3.349967443692657,0.03508549633645344
1979-10-31,-0.4882882509668126,-2.9720939280763568,0.051195997282118856
1979-11-30,-0.5636076153065684,-3.237063912973616,0.03927905267689779
1979-12-31,-0.7331310559041975,-3.833439412005487,0.021635075577673225
1980-01-31,-0.534212230750668,-3.133652331236264,0.043558416608887866
1980-02-29,-0.5340506333423704,-3.1330838391464617,0.04358318626418378
1980-03-31,-0.4060326310083963,-2.6827225218098274,0.06837674334063687
1980-04-30,-0.4840923617527866,-2.9573329869635785,0.051957303357209855
1980-05-31,-0.566926597311396,-3.2487399357255664,0.03882309662081986
1980-06-30,-0.5809369037578875,-3.298027535535718,0.03695598993458836
1980-07-31,-0.5826714004886864,-3.3041294135400374,0.03673117558488709
1980-08-31,-0.5492357054474911,-3.186504209347779,0.04131605104553518
1980-09-30,-0.4861748294869356,-2.9646590106084068,0.05157805381605803
1980-10-31,-0.5139134103410227,-3.062242034767034,0.0467826891347924
1980-11-30,-0.5012055569687546,-3.017536403676768,0.048921593080613356
1980-12-31,-0.4699785166973295,-2.907681143191806,0.054602197860190126
1981-01-31,-0.5568313089835799,-3.213225185711366,0.0402266653652544
1981-02-28,-0.5640711149556468,-3.238694482961729,0.03921505762082918
1981-03-31,-0.5230101306279984,-3.0942438693308754,0.045309259231606495
1981-04-30,-0.6509316516655543,-3.544265769999846,0.028889826501745788
1981-05-31,-0.6361589941025457,-3.4922962547805483,0.03043091474845587
1981-06-30,-0.6255659559402028,-3.455030444235058,0.03158634271941035
1981-07-31,-0.6108901946902744,-3.403401805692542,0.03325993346426184
1981-08-31,-0.5375563545588825,-3.145416801671252,0.043048977421264095
1981-09-30,-0.4805919561691923,-2.94501872458564,0.0526010748737213
1981-10-31,-0.5228048561767132,-3.0935217234559915,0.0453419909433675
1981-11-30,-0.56800774784645,-3.252543372510464,0.038675715881360574
1981-12-31,-0.6383057407533862,-3.499848408634178,0.030201961431900334
1982-01-31,-0.493550471241151,-2.9906061717581784,0.05025696313670583
1982-02-28,-0.5310564437022012,-3.122550420673141,0.04404469255584007
1982-03-31,-0.5420130481494077,-3.161095240326766,0.04237930013462781
1982-04-30,-0.5949157037124931,-3.347204296987733,0.03518257677202171
1982-05-31,-0.6469849499749516,-3.5303814588864952,0.029293739378286276
1982-06-30,-0.5687305680177713,-3.2550862199117576,0.038577494371819246
1982-07-31,-0.6311135302366374,-3.47454654995937,0.030975876651601918
1982-08-31,-0.3651241028702605,-2.5388082418905857,0.07896044549091775
1982-09-30,-0.5187121284945929,-3.079123699765454,0.045999548407685754
1982-10-31,-0.3681271761503042,-2.5493729125915907,0.07813064538630289
1982-11-30,-0.3855736038434056,-2.6107486255025423,0.0734795145289923
1982-12-31,-0.4961793356182671,-2.999854393120739,0.04979431823531902
1983-01-31,-0.4564119902137675,-2.859954740440419,0.057271352282991066
1983-02-28,-0.5335020584605861,-3.131153978486915,0.043667376952791936
1983-03-31,-0.5616999901849187,-3.2303529774246504,0.03954353834835582
1983-04-30,-0.5762072160401477,-3.2813887163671813,0.03757603809795979
1983-05-31,-0.6129753217281038,-3.410737184642771,0.03301685188616013
1983-06-30,-0.5815095539207545,-3.300042091902946,0.03688161495121042
1983-07-31,-0.5061722086630926,-3.0350088509813196,0.0480742373695352
1983-08-31,-0.580359590616772,-3.295996575030098,0.037031122360260696
1983-09-30,-0.6185455442161272,-3.430332965640978,0.03237615882952124
1983-10-31,-0.609443297007236,-3.398311687625518,0.03342966205531793
1983-11-30,-0.6514408471256558,-3.546057095704139,0.028838121736803935
1983-12-31,-0.7152396870851578,-3.770498417118864,0.02304057660707489
1984-01-31,-0.6588288087032788,-3.5720475974138175,0.02809826081074812
1984-02-29,-0.5247728830730434,-3.1004451496103296,0.04502915322143831
1984-03-31,-0.5824547208630979,-3.303367144797822,0.03675918528600384
1984-04-30,-0.6205465721477749,-3.4373724878870227,0.03214904645837017
1984-05-31,-0.6341585370250495,-3.485258740772587,0.030645828078063812
1984-06-30,-0.5527365648852575,-3.19882006836337,0.04081032897894094
1984-07-31,-0.6452046606892375,-3.5241184848255283,0.029477781030625212
1984-08-31,-0.4661434137672229,-2.894189431274458,0.05534386692622406
1984-09-30,-0.6342764322660523,-3.485673490691174,0.03063312035880832
1984-10-31,-0.5905155109997747,-3.3317246257656725,0.03573142855615984
1984-11-30,-0.6221725814960155,-3.443092712376739,0.03196567166799777
1984-12-31,-0.6029317883648873,-3.3754045061623463,0.03420427967104147
1985-01-31,-0.5573959313304999,-3.2152115005992767,0.04014684184451715
1985-02-28,-0.667991886923955,-3.604282876070616,0.027206948572778125
1985-03-31,-0.6568610539893361,-3.56512512878433,0.028293444938309733
1985-04-30,-0.7353795861697383,-3.84134963583337,0.021464612377201656
1985-05-31,-0.652053336768617,-3.5482118054904976,0.028776050850066088
1985-06-30,-0.6681795423360222,-3.604943038993355,0.027188993481384403
1985-07-31,-0.6716903609330411,-3.6172939338632695,0.026855250337070393
1985-08-31,-0.6903997287051149,-3.683112610633314,0.02514458759331949
1985-09-30,-0.6453868274838956,-3.524759339050102,0.029458896122003735
1985-10-31,-0.6395206325803391,-3.504122341000195,0.030073155740894215
1985-11-30,-0.6353796038149173,-3.4895543963680105,0.030514466499251863
1985-12-31,-0.5968135848265163,-3.3538809535756866,0.03494845722664754
1986-01-31,-0.5313634165095609,-3.123630336586439,0.04399715366507508
1986-02-28,-0.6140676947986632,-3.414580101780291,0.03289021434485741
1986-03-31,-0.5815040095493498,-3.300022587064844,0.03688233432815463
1986-04-30,-0.4971734014417565,-3.0033514699819923,0.049620487803542355
1986-05-31,-0.5817875105543517,-3.3010199302802605,0.03684556831945597
1986-06-30,-0.5582794681665876,-3.218319741676011,0.04002224951340446
1986-07-31,-0.4972099855955443,-3.0034801713161263,0.049614101991501736
1986-08-31,-0.5941377029130536,-3.344467326729359,0.035279002335015026
1986-09-30,-0.4165593389871254,-2.7197549858858605,0.06589089664845826
1986-10-31,-0.6275968494214413,-3.4621750320813427,0.03136147556720039
1986-11-30,-0.5463470083221988,-3.176341908585272,0.04173805783071973
1986-12-31,-0.592672360054277,-3.3393123194007273,0.03546133541099236
1987-01-31,-0.4983221723515446,-3.007392792068088,0.04942036009290606
1987-02-28,-0.5774341717155066,-3.2857050887850754,0.037414195461361405
1987-03-31,-0.5283833472354429,-3.113146592897446,0.044460834857650816
1987-04-30,-0.421072687680086,-2.7356327345298252,0.06485295941231128
1987-05-31,-0.4954146058732698,-2.9971641098083577,0.04992845941670452
1987-06-30,-0.6164073349344343,-3.422810845850884,0.03262061443409683
1987-07-31,-0.6543889903161338,-3.5564285249309204,0.02854057485854148
1987-08-31,-0.5442429808901821,-3.1689400389363183,0.042048143685984606
1987-09-30,-0.4936524891121082,-2.9909650658349376,0.05023892944660601
1987-10-31,0.0,-1.2543188032019446,0.2852701071362295
1987-11-30,-0.3510586465807945,-2.489326627524044,0.0829658146658201
1987-12-31,-0.3518344568723385,-2.4920558916785613,0.08273968776219462
1988-01-31,-0.3064304490810516,-2.3323267255578357,0.09706962974662128
1988-02-29,-0.5304867387422096,-3.120546225391249,0.04413305523931161
1988-03-31,-0.5514846803642818,-3.1944159974378676,0.040990456919225315
1988-04-30,-0.4461274387073317,-2.8237741714562885,0.05938140365232598
1988-05-31,-0.493561403700926,-2.99064463163801,0.05025503029711152
1988-06-30,-0.5040416340522322,-3.027513589604503,0.04843592010418227
1988-07-31,-0.5338324836268424,-3.1323163986969114,0.043616646602009305
1988-08-31,-0.5775954439212823,-3.286272436827685,0.03739297461117372
1988-09-30,-0.6019114226619209,-3.3718149075607826,0.03432727993422876
1988-10-31,-0.5568106384237789,-3.2131524676531837,0.040229590676607085
1988-11-30,-0.5813177448009093,-3.299367316431405,0.03690651015872341
1988-12-31,-0.6923580400795366,-3.690001858038059,0.024971955643389058
1989-01-31,-0.6315434910540945,-3.4760591319136487,0.030929058516620082
1989-02-28,-0.600919428220674,-3.368325117724935,0.03444728419987815
1989-03-31,-0.5885908099642685,-3.3249536179540646,0.035974187271141225
1989-04-30,-0.6330445594121045,-3.4813398198700356,0.030766162290417867
1989-05-31,-0.6167238452448849,-3.4239243142519395,0.03258431262491078
1989-06-30,-0.5741921762543981,-3.274299901076747,0.037843354048668315
1989-07-31,-0.6238457001575227,-3.4489786652171146,0.03177807586367332
1989-08-31,-0.5801585373648028,-3.295289279136077,0.03705732358597448
1989-09-30,-0.7099272486013912,-3.751809508135756,0.023475228782644308
1989-10-31,-0.3744973125251385,-2.5717827530599657,0.07639922299682798
1989-11-30,-0.6489659009219936,-3.5373503512440063,0.02909030414426033
1989-12-31,-0.6351439813065733,-3.488725487454285,0.030539770698519975
1990-01-31,-0.472986437293507,-2.9182628665232206,0.05402745873726208
1990-02-28,-0.624132567372596,-3.449987850601402,0.03174602207080102
1990-03-31,-0.621226650702436,-3.4397649722891037,0.03207222230311831
1990-04-30,-0.629640267897281,-3.469363682270153,0.031136837280353904
1990-05-31,-0.5834440470329574,-3.306847547780296,0.03663147088561033
1990-06-30,-0.5819811351282598,-3.3017010924338965,0.036820479058685074
1990-07-31,-0.5875546299465335,-3.321308385336174,0.036105560850140495
1990-08-31,-0.3732674804268016,-2.567456261521182,0.07673047966155232
1990-09-30,-0.526744020757931,-3.107379519372654,0.044717984549122985
1990-10-31,-0.4121059682725672,-2.7040882369518746,0.06693132154038925
1990-11-30,-0.4994224773894709,-3.011263613494124,0.04922943246594376
1990-12-31,-0.6586073735277203,-3.571268598870245,0.028120157842767314
1991-01-31,-0.4623945026054542,-2.881000937948438,0.05607860353046431
1991-02-28,-0.5006073905772578,-3.015432082416089,0.049024648221572445
1991-03-31,-0.5812091331563224,-3.2989852257688224,0.03692061448603786
1991-04-30,-0.5221851107672295,-3.0913414882239163,0.045440954992766756
1991-05-31,-0.5594855863452268,-3.222562808759487,0.03985279218752523
1991-06-30,-0.6007453711899345,-3.367712793268794,0.034468383573613405
1991-07-31,-0.6120588269824296,-3.4075129991886266,0.03312347613556358
1991-08-31,-0.5250984711767286,-3.1015905532614685,0.04497760619164444
1991-09-30,-0.7304586695351167,-3.824038082320058,0.02183943316730846
1991-10-31,-0.6089687018813413,-3.3966420842712814,0.03348552295100952
1991-11-30,-0.5196553572389937,-3.082441934171033,0.045847164086787726
1991-12-31,-0.5257259219722966,-3.1037978956797536,0.0448784347066041
1992-01-31,-0.6449921687100155,-3.523370948026475,0.029499824995010793
1992-02-29,-0.6384329089474483,-3.500295780365942,0.03018845294999365
1992-03-31,-0.7320083445085922,-3.82948976606589,0.021720695438846298
1992-04-30,-0.5532722584634869,-3.2007046132022343,0.04073349250771942
1992-05-31,-0.6783494285315627,-3.6407202208012586,0.026233443288629477
1992-06-30,-0.6651685709509337,-3.5943505831298914,0.02747852239885448
1992-07-31,-0.64140954865167,-3.510767458989176,0.029873978583482275
1992-08-31,-0.7661149229986521,-3.9494751067100657,0.019264811092072655
1992-09-30,-0.6444806972655492,-3.5215716155161227,0.029552952772108423
1992-10-31,-0.6331601079170588,-3.481746314081465,0.030753658565057074
1992-11-30,-0.7220535243603006,-3.794469176507416,0.02249484343942958
1992-12-31,-0.7330644813424279,-3.83320520582516,0.02164014323950105
1993-01-31,-0.7750755480469035,-3.9809981646184545,0.018666997299132126
1993-02-28,-0.6044852800891364,-3.380869617058072,0.03401785935736573
1993-03-31,-0.6258351382485281,-3.455977414948324,0.03155644553602861
1993-04-30,-0.6238097317612332,-3.4488521300889285,0.03178209716098856
1993-05-31,-0.6543967779531555,-3.5564559214720637,0.028539792956218876
1993-06-30,-0.7041634428389338,-3.731532710273523,0.023956089938332897
1993-07-31,-0.6958542648263898,-3.702301412428776,0.02466669286310734
1993-08-31,-0.8061731502800722,-4.090398068166424,0.016732571528629617
1993-09-30,-0.7325593489514168,-3.8314281738070255,0.021678632655248106
1993-10-31,-0.7907429753698341,-4.036115437812761,0.017665963835022152
1993-11-30,-0.7028670321619701,-3.7269719984232985,0.024065596285234914
1993-12-31,-0.8117085535673912,-4.109871356852518,0.016409885409823324
1994-01-31,-0.7481882925804701,-3.886410063174412,0.020518875442581488
1994-02-28,-0.6195584923183877,-3.4338964694717715,0.03226099158483615
1994-03-31,-0.6399503513395726,-3.505634071405016,0.03002772758320692
1994-04-30,-0.5811338812747647,-3.298720493185182,0.03693038986957452
1994-05-31,-0.665973564432965,-3.5971825123773824,0.027400815250102097
1994-06-30,-0.6566810127357554,-3.5644917521133985,0.028311371022656476
1994-07-31,-0.7846603255778438,-4.01471696163539,0.018048062121884183
1994-08-31,-0.7087913818766065,-3.747813582366204,0.02356922172362179
1994-09-30,-0.6557684581323753,-3.561281427894718,0.02840240575002454
1994-10-31,-0.6049220565728362,-3.3824061762059605,0.03396562904213929
1994-11-30,-0.6493564260150286,-3.5387242001726396,0.029050365901915676
1994-12-31,-0.6747892107588549,-3.628195541952271,0.026564074946484287
1995-01-31,-0.8020225141891864,-4.075796325414653,0.016978688730812673
1995-02-28,-0.7345268824011861,-3.8383498640395466,0.021529097988678504
1995-03-31,-0.7293224756886187,-3.820041005751688,0.021926901746738323
1995-04-30,-0.8189848422882573,-4.13546899869903,0.01599516166038855
1995-05-31,-0.6244641120485799,-3.45115420919402,0.03170901641030752
1995-06-30,-0.6771793643707325,-3.6366039900584513,0.026341648740908188
1995-07-31,-0.6620603375497851,-3.583415964063745,0.02778063832484472
1995-08-31,-0.8495593752686162,-4.243028769191813,0.014364020589752823
1995-09-30,-0.7629924401852846,-3.938490358881236,0.019477596742606983
1995-10-31,-0.7271795681586362,-3.812502357744857,0.022092825575755155
1995-11-30,-0.7119497479510185,-3.7589245658214274,0.023308793974435135
1995-12-31,-0.6529227324302596,-3.5512702985799507,0.028688173951345954
1996-01-31,-0.5788631517076654,-3.2907321732574406,0.03722658310699315
1996-02-29,-0.5918906157461605,-3.336562179654715,0.03555899326377299
1996-03-31,-0.5445379917189765,-3.169977873171052,0.042004527320154035
1996-04-30,-0.6271953821592369,-3.4607626891156853,0.031405800019906976
1996-05-31,-0.6084997092523773,-3.394992190238016,0.0335408161169164
1996-06-30,-0.7576137482410786,-3.9195683733371944,0.01984966053836076
1996-07-31,-0.5017479469007138,-3.0194445059734276,0.04882833467808103
1996-08-31,-0.6100682815204681,-3.400510353778423,0.033356242131381504
1996-09-30,-0.6798019038714685,-3.6458299608030784,0.026099739101799715
1996-10-31,-0.6971650799325149,-3.706912798384004,0.024553207086539627
1996-11-30,-0.6765856285297779,-3.634515255266413,0.026396726960985592
1996-12-31,-0.5489195691503059,-3.185392056707818,0.041362026361824074
1997-01-31,-0.5824775211028448,-3.303447354969991,0.036756236943668356
1997-02-28,-0.5704088242386152,-3.2609902464444938,0.03835040285829586
1997-03-31,-0.5250495300417768,-3.101418380648187,0.044985350770324645
1997-04-30,-0.469362232140423,-2.9055130830764906,0.05472070712876771
1997-05-31,-0.5271811610092028,-3.108917358237769,0.04464926834528072
1997-06-30,-0.5291033612470836,-3.11567956836083,0.044348359163098754
1997-07-31,-0.5270354435238009,-3.1084047309706033,0.04467216264531338
1997-08-31,-0.4956519116139165,-2.997998940254238,0.04988679501244395
1997-09-30,-0.4906843650956975,-2.9805233450013167,0.05076625864380371
1997-10-31,-0.3040252297956949,-2.3238652771202104,0.09789446413918423
1997-11-30,-0.4870618265117834,-2.967779424466623,0.05141735978847545
1997-12-31,-0.5108591437271104,-3.0514972683227777,0.04728806843227773
1998-01-31,-0.4958824255620516,-2.998809877493172,0.04984635635146144
1998-02-28,-0.6196576073494133,-3.4342451514940397,0.03224974471795406
1998-03-31,-0.6085122532894569,-3.3950363195710853,0.033539336015728734
1998-04-30,-0.5568824790549891,-3.2134051996183786,0.04021942465778947
1998-05-31,-0.6308432592687934,-3.473595749393068,0.03100534253853514
1998-06-30,-0.5202778603274181,-3.084631870788053,0.04574687156058741
1998-07-31,-0.5103753295896181,-3.049795232918892,0.047368622932790046
1998-08-31,-0.3012955818002607,-2.314262503723685,0.09883905056116427
1998-09-30,-0.3009299809504967,-2.3129763371118237,0.09896625583399596
1998-10-31,-0.3935668515351779,-2.638868495322673,0.07144206086592163
1998-11-30,-0.5312275010898188,-3.1231521925257173,0.04401819567294336
1998-12-31,-0.4568393433710617,-2.8614581487687634,0.05718531474597355
1999-01-31,-0.454906884459189,-2.8546598491125996,0.05757540211457676
1999-02-28,-0.4480832773731367,-2.8306547199882983,0.05897422941999772
1999-03-31,-0.4597568763679409,-2.871721892772672,0.05660138111346875
1999-04-30,-0.4834301169879466,-2.9550032409961746,0.05207849178949951
1999-05-31,-0.4642638079744777,-2.8875770664081015,0.05571103334881999
1999-06-30,-0.5016503778360855,-3.0191012625883085,0.048845097557674855
1999-07-31,-0.5559574436668779,-3.2101509685854186,0.040350521151084194
1999-08-31,-0.4829968382373403,-2.9534789867089692,0.05215793318294226
1999-09-30,-0.4838505537458488,-2.9564823177564232,0.05200152063973655
1999-10-31,-0.4011498244318005,-2.6655450376900633,0.06956142959831513
1999-11-30,-0.5826133990739493,-3.3039253672881648,0.03673867120829299
1999-12-31,-0.6067012095794508,-3.388665152890443,0.03375370287420917
2000-01-31,-0.3889632918377901,-2.6226733886036615,0.07260849241322778
2000-02-29,-0.4670810881637726,-2.897488125745266,0.05516160519655299
2000-03-31,-0.3582705500641563,-2.51469776513013,0.08088735549207231
2000-04-30,-0.3283413478354433,-2.4094082379010313,0.08986845958845255
2000-05-31,-0.3917976797954393,-2.632644632266094,0.07188809305104193
2000-06-30,-0.5041302034296442,-3.0278251725128413,0.048420830650258206
2000-07-31,-0.5212868797825359,-3.088181553822785,0.04558477253700103
2000-08-31,-0.6207458870754567,-3.438073668437876,0.03212651207352454
2000-09-30,-0.5585855041661463,-3.21939636194348,0.0399791839352256
2000-10-31,-0.3822634971299905,-2.5991038256087786,0.07434017012760079
2000-11-30,-0.4555206017194626,-2.8568188775989833,0.05745122927587937
2000-12-31,-0.3889698973940406,-2.6226966266401908,0.07260680515403312
2001-01-31,-0.4007747917246356,-2.6642256902470183,0.06965326586123811
2001-02-28,-0.4920626586644008,-2.9853721170174463,0.05052070043850646
2001-03-31,-0.3434333380539184,-2.462501150398544,0.08522153231299376
2001-04-30,-0.3424468391065987,-2.459030693452129,0.08551780377310741
2001-05-31,-0.4940105592318555,-2.9922247396924284,0.05017568462284231
2001-06-30,-0.5664092136366132,-3.246919804266744,0.03889382410744406
2001-07-31,-0.4735318855199961,-2.9201817277563444,0.053923886942896994
2001-08-31,-0.510856625901651,-3.0514884107311104,0.04728848729253368
2001-09-30,-0.3430371696542719,-2.4611074485824003,0.08534038852317201
2001-10-31,-0.4579221371303359,-2.8652673663392614,0.05696789779739483
2001-11-30,-0.5152526826190704,-3.0669535317160372,0.0465627910689791
2001-12-31,-0.5422057361341313,-3.161773107603656,0.04235058232837927
2002-01-31,-0.5127074894875303,-3.0579996618641534,0.04698158033452086
2002-02-28,-0.4905171264178787,-2.9799350071903916,0.0507961351411578
2002-03-31,-0.5267480345298303,-3.10739363963361,0.044717353123969676
2002-04-30,-0.5051199609496944,-3.0313070929650197,0.04825252635083696
2002-05-31,-0.4262507106778718,-2.7538487761487103,0.06368229005658847
2002-06-30,-0.4383432982691013,-2.7963899311292977,0.06102998787312268
2002-07-31,-0.2385912937282167,-2.0936717644219573,0.12323381853913001
2002-08-31,-0.3071804661339671,-2.334965250310743,0.09681384671909679
2002-09-30,-0.3386781137467869,-2.4457724947083546,0.08665916529160855
2002-10-31,-0.2796597282424041,-2.2381485874590115,0.10665578555742695
2002-11-30,-0.4139870869785242,-2.710705924175827,0.06648985334928226
2002-12-31,-0.4868231437743108,-2.9669397498106065,0.051460551773438945
2003-01-31,-0.3919164223671886,-2.6330623630544365,0.0718580694525866
2003-02-28,-0.4916938243702189,-2.9840745753000455,0.05058629570201007
2003-03-31,-0.3679530055305245,-2.548760188534542,0.07817853258164395
2003-04-30,-0.4678685446548823,-2.9002583606826637,0.05500900605595959
2003-05-31,-0.5115756922127219,-3.054018052228417,0.0471690155467857
2003-06-30,-0.5274706914807262,-3.1099359128331163,0.04460381378073629
2003-07-31,-0.5240153205651907,-3.0977800803014732,0.045149319089752254
2003-08-31,-0.6293997386727624,-3.468517511759465,0.031163195504059715
2003-09-30,-0.5360826668176315,-3.140232437438156,0.04327273852843814
2003-10-31,-0.5778034392588769,-3.2870041546527653,0.037365623512981325
2003-11-30,-0.6379358316250436,-3.4985470857007,0.03024128952066962
2003-12-31,-0.6421582373964851,-3.513401310816597,0.02979539847999941
2004-01-31,-0.6284173006769735,-3.4650613410497333,0.03127108716618554
2004-02-29,-0.6960719471420767,-3.7030672085876466,0.02464781043542881
2004-03-31,-0.5278233010612183,-3.1111763767700684,0.044548518661182056
2004-04-30,-0.5950444006767706,-3.3476570468612863,0.03516665147019813
2004-05-31,-0.6285431499625165,-3.465504072923295,0.03125724552347044
2004-06-30,-0.6627534225136986,-3.585854204402475,0.027712984962940126
2004-07-31,-0.6603261832773051,-3.5773152908117005,0.027950636947770266
2004-08-31,-0.5728336479060309,-3.2695206621770985,0.0380246493601511
2004-09-30,-0.6745337449175337,-3.6272968251254625,0.026587959258636308
2004-10-31,-0.5962979151170278,-3.35206685176624,0.035011914828011435
2004-11-30,-0.6481087277617956,-3.5343348563403656,0.02917815820331344
2004-12-31,-0.6710415345812,-3.615011393242337,0.026916618547923134
2005-01-31,-0.652733386902391,-3.550604189909233,0.02870728975865769
2005-02-28,-0.6508050617898568,-3.543820432764916,0.02890269508241406
2005-03-31,-0.6466339170557869,-3.5291465415700136,0.029329937070287172
2005-04-30,-0.5396324545798139,-3.152720424000165,0.04273570933697204
2005-05-31,-0.6471806355113412,-3.531069871409308,0.029273580140990102
2005-06-30,-0.7122586544630019,-3.760011284416737,0.02328347763294987
2005-07-31,-0.686891918996611,-3.670772300891824,0.02545680204196842
2005-08-31,-0.6764074000109839,-3.63388825571129,0.026413282886783497
2005-09-30,-0.6847113674527876,-3.6631012230129896,0.025652834080196137
2005-10-31,-0.5404944175485193,-3.1557527692250877,0.04260631619431827
2005-11-30,-0.7133498768257107,-3.7638501534181033,0.023194266756412722
2005-12-31,-0.7444485267425511,-3.873253742668005,0.020790611951101313
2006-01-31,-0.6287403682320436,-3.4661978775292708,0.031235566623885956
2006-02-28,-0.6867561946801233,-3.670294829123373,0.02546895984853223
2006-03-31,-0.7123022173883737,-3.760164536741408,0.023279909659283306
2006-04-30,-0.7008269100446622,-3.7197949446689256,0.02423893765951696
2006-05-31,-0.5814863367394684,-3.2999604149500312,0.03688462745216249
2006-06-30,-0.520548071746172,-3.085582461863455,0.0457034056551783
2006-07-31,-0.5732497420600211,-3.2709844618608197,0.037969029608462976
2006-08-31,-0.7351484529238065,-3.840536519933885,0.02148207269246982
2006-09-30,-0.7190441904498984,-3.783882481202963,0.02273425454298917
2006-10-31,-0.7393984626122023,-3.8554878543326674,0.02116327619527219
2006-11-30,-0.6999264309898934,-3.716627101662895,0.024315844558831973
2006-12-31,-0.7719974364984398,-3.9701695128147905,0.018870234117520892
2007-01-31,-0.7384778504582077,-3.8522491840295054,0.021231928179968013
2007-02-28,-0.5657918749160493,-3.2447480356532115,0.0389783842832325
2007-03-31,-0.5594662716363912,-3.222494860521297,0.039855500206542833
2007-04-30,-0.7033713293661379,-3.72874609229336,0.024022939508137477
2007-05-31,-0.6764717026675415,-3.6341144694358256,0.02640730851545234
2007-06-30,-0.5696615644903045,-3.258361421759635,0.03845135197463258
2007-07-31,-0.4979703240943093,-3.0061550064305833,0.04948156977924966
2007-08-31,-0.392121291108408,-2.633783081660371,0.07180629866327211
2007-09-30,-0.5380777084088569,-3.1472509000198614,0.04297009372520794
2007-10-31,-0.5504397336733695,-3.190739924075638,0.04114141814828677
2007-11-30,-0.3790272967619343,-2.587719024765528,0.07519135424625308
2007-12-31,-0.5031453761978812,-3.02436059658321,0.04858887923506824
2008-01-31,-0.3999287553473446,-2.661249374022387,0.06986088482309652
2008-02-29,-0.4565245407972145,-2.8603506881048415,0.05724868031356916
2008-03-31,-0.3649921714568833,-2.538344113377069,0.0789971017910691
2008-04-30,-0.4763336711377091,-2.9300382779186895,0.05339499425683085
2008-05-31,-0.5544238973127565,-3.204756024564677,0.040568798220767775
2008-06-30,-0.4478067087191794,-2.8296817644581433,0.0590316366454586
2008-07-31,-0.4124959594858155,-2.705460207716502,0.06683955668773958
2008-08-31,-0.4501178898611194,-2.837812391125573,0.0585536183737443
2008-09-30,-0.1701558868301448,-1.8529192183645744,0.15677882601333384
2008-10-31,-0.0498577803823647,-1.42971613203937,0.2393768640222632
2008-11-30,-0.1142702040488229,-1.656316012106184,0.19084074164920156
2008-12-31,-0.1951291571169535,-1.94077400987452,0.14359276453635564
2009-01-31,-0.2706710255339702,-2.206526753661318,0.11008232834165071
2009-02-28,-0.2957131995895116,-2.2946239453922495,0.1007992921801092
2009-03-31,-0.2000970670907351,-1.9582508837470345,0.14110501427179475
2009-04-30,-0.3380571107313281,-2.443587835277547,0.08684869300570229
2009-05-31,-0.3632371494467048,-2.5321700284042636,0.0794863453717169
2009-06-30,-0.4475422315699292,-2.8287513462734335,0.05908658631278753
2009-07-31,-0.4374779813068297,-2.793345786712595,0.061216055033924945
2009-08-31,-0.5145443558462999,-3.0644616714098785,0.04667896372268685
2009-09-30,-0.5331812190753271,-3.130025280604083,0.043716692054397314
2009-10-31,-0.4308694057945185,-2.770097128561543,0.06265591876733492
2009-11-30,-0.5277153032631607,-3.110796445590734,0.04456544724805995
2009-12-31,-0.6349557321742023,-3.4880632358514134,0.030560002409118357
2010-01-31,-0.5260991044419161,-3.1051107340740467,0.04481955523251939
2010-02-28,-0.5012916171040922,-3.0178391591893847,0.04890678404049458
2010-03-31,-0.6912630719522073,-3.6861498116127502,0.025068334284183254
2010-04-30,-0.5409003441384157,-3.1571807998960457,0.042545516490269594
2010-05-31,-0.3277116559132117,-2.407193011304442,0.09006775925578851
2010-06-30,-0.3797131104079324,-2.590131684949471,0.07501016172556894
2010-07-31,-0.4544158940295051,-2.852932567849959,0.05767493696543285
2010-08-31,-0.4828725265430752,-2.9530416640092794,0.0521807480194514
2010-09-30,-0.5070561713046646,-3.038118590021741,0.04792497124638349
2010-10-31,-0.6151557863782262,-3.418407956833649,0.032764556026020526
2010-11-30,-0.5470405032720265,-3.178781591235184,0.04163635432777028
2010-12-31,-0.6535406631938283,-3.553444149972958,0.02862587786019361
2011-01-31,-0.6455867278759077,-3.5254625792369607,0.02943818672508381
2011-02-28,-0.6158974313346639,-3.421017028944507,0.03267918235812637
2011-03-31,-0.5035138093931653,-3.0256567272535344,0.04852594249438583
2011-04-30,-0.6899021061827898,-3.681361997980369,0.02518864457861982
2011-05-31,-0.634510927947125,-3.4864984354795028,0.030607860146390907
2011-06-30,-0.5062602208406681,-3.0353184736868135,0.04805935479820619
2011-07-31,-0.5388740763115367,-3.150052484884464,0.04284987783713307
2011-08-31,-0.2024432573162924,-1.9665046707257416,0.13994515673548347
2011-09-30,-0.348778812871758,-2.481306279652722,0.08363390493776991
2011-10-31,-0.3420559138394329,-2.457655436729706,0.08563549361595778
2011-11-30,-0.3358963393565889,-2.4359863431041875,0.08751138821103746
2011-12-31,-0.4815293283457691,-2.9483163558607832,0.05242790161182298
2012-01-31,-0.6881945587577218,-3.6753549263674072,0.025340409946784805
2012-02-29,-0.6934656699039152,-3.6938984477186816,0.02487483951246034
2012-03-31,-0.6054736131317969,-3.3843465262657215,0.03389978773005196
2012-04-30,-0.5559560999195798,-3.210146241345559,0.04035071189812699
2012-05-31,-0.5672149954797192,-3.2497545069314553,0.038783727799478245
2012-06-30,-0.4497907500929885,-2.8366615287918187,0.05862104431918407
2012-07-31,-0.5638372957718794,-3.2378719180591355,0.03924732782122884
2012-08-31,-0.6715163340399413,-3.616681715429928,0.026871696650213092
2012-09-30,-0.6206708976601131,-3.4378098591980444,0.03213498846227877
2012-10-31,-0.6351848913930569,-3.4888694072163897,0.030535375738254718
2012-11-30,-0.5333040967221068,-3.130457558392097,0.043697798383408114
2012-12-31,-0.6209750398047268,-3.438879816972799,0.032100623769195584
2013-01-31,-0.6418378849847167,-3.5122743260836247,0.029828996367796453
2013-02-28,-0.5938542425754068,-3.3434701265797875,0.03531420010811579
2013-03-31,-0.7287162869695651,-3.8179084623195902,0.02197371171144601
2013-04-30,-0.55047437461924,-3.190861789295619,0.0411364047457997
2013-05-31,-0.6230349416313592,-3.446126454815234,0.03186884300416123
2013-06-30,-0.5091023584378541,-3.0453169802170232,0.047581227289128794
2013-07-31,-0.7243714208856731,-3.802623427578242,0.022312160671046622
2013-08-31,-0.6316946753852155,-3.4765909912871975,0.03091261298067687
2013-09-30,-0.6934205014811449,-3.6937395473295953,0.024878792448190527
2013-10-31,-0.5746811399530148,-3.2760200523947183,0.0377783137089755
2013-11-30,-0.6880166570405827,-3.674729076485153,0.025356274203169948
2013-12-31,-0.6679233249036433,-3.6040416781045184,0.027213511624903194
2014-01-31,-0.5863690493595939,-3.3171375685353466,0.03625646500797891
2014-02-28,-0.5924925603912911,-3.338679792634158,0.03548377275017883
2014-03-31,-0.6456422384160965,-3.5256578627092043,0.029432438495049007
2014-04-30,-0.5802220292201083,-3.2955126404999024,0.03704904733597024
2014-05-31,-0.70893014039848,-3.7483017283266418,0.023557719310903297
2014-06-30,-0.8053219527107224,-4.087403595110627,0.016782751857551046
2014-07-31,-0.6313809985560781,-3.475487490940272,0.030946743888096033
2014-08-31,-0.71173677628016,-3.758175341489735,0.023326264033702707
2014-09-30,-0.6709875421982668,-3.6148214505759886,0.026921731647801747
2014-10-31,-0.4718079989433936,-2.9141171757759734,0.054251904793557716
2014-11-30,-0.8951576838747475,-4.403441476450015,0.012235160348525382
2014-12-31,-0.5280087140815204,-3.1118286510639352,0.04451947028241481
2015-01-31,-0.5113202970544334,-3.0531195840611964,0.047211414449913815
2015-02-28,-0.656042387156639,-3.562245097331633,0.028375048403504886
2015-03-31,-0.5478453384658835,-3.1816129636323156,0.04151863303845836
2015-04-30,-0.7037725903984977,-3.7301577097521137,0.023989052230880475
2015-05-31,-0.6426870716637281,-3.515261724921692,0.02974001823147127
2015-06-30,-0.6169271584209981,-3.4246395604529183,0.03256101515180208
2015-07-31,-0.6041909917573614,-3.379834324533906,0.03405309602983101
2015-08-31,-0.3733374977984139,-2.567702579344776,0.07671158190432154
2015-09-30,-0.4254362911631404,-2.7509836865610584,0.06386500714817601
2015-10-31,-0.5585464874481452,-3.219259102962737,0.039984671813885174
2015-11-30,-0.6097755110467666,-3.3994804010076436,0.03339061518365914
2015-12-31,-0.4767069231851295,-2.9313513610844177,0.0533249282000851
2016-01-31,-0.4171395291928748,-2.721796067769684,0.06575654509090785
2016-02-29,-0.4893661531570109,-2.975885937336674,0.051002229203695695
2016-03-31,-0.5927706120572722,-3.3396579653309333,0.03544908046278637
2016-04-30,-0.6537848386778153,-3.5543031478531373,0.028601298849963628
2016-05-31,-0.6263341035167191,-3.457732751318138,0.03150110194699492
2016-06-30,-0.4737104039425676,-2.9208097471793346,0.053890032326324826
2016-07-31,-0.7314376428719473,-3.82748206452236,0.021764347918517713
2016-08-31,-0.8067560020756859,-4.092448513398336,0.01669829745768206
2016-09-30,-0.5509547097998704,-3.192551585892722,0.04106695128667917
2016-10-31,-0.7681548335907902,-3.9566514163288296,0.01912705572171657
2016-11-30,-0.6349304863587308,-3.487974422258749,0.03056271667325413
2016-12-31,-0.7175773965652825,-3.778722369233604,0.022851869032965412
2017-01-31,-0.7809966609906396,-4.001828361753411,0.018282181870187587
2017-02-28,-0.8386642240624471,-4.204700139152802,0.014925260899499065
2017-03-31,-0.7041311811839845,-3.7314192152872128,0.023958808988728875
2017-04-30,-0.7596273183502416,-3.926652018374449,0.019709549423572933
2017-05-31,-0.7213757328692173,-3.7920847378875457,0.0225485450114821
2017-06-30,-0.739605132951093,-3.856214910874562,0.0211478948890837
2017-07-31,-0.8173932992188365,-4.129870024958818,0.01608496933127976
2017-08-31,-0.6646248539857099,-3.5924378123925567,0.027531132812193323
2017-09-30,-0.8187567233431068,-4.134666486968067,0.01600800311728037
2017-10-31,-0.8421111506326286,-4.216826264874244,0.014745368214387917
2017-11-30,-0.7731447019931023,-3.974205538921206,0.018794226846829517
2017-12-31,-0.8261272957853698,-4.1605958145165705,0.015598261480157808
2018-01-31,-0.6622231605176405,-3.583988767614489,0.02776473003316825
2018-02-28,-0.383454751513614,-2.6032946025597585,0.07402927894889605
2018-03-31,-0.4575259883678788,-2.8638737336058275,0.05704734547210154
2018-04-30,-0.5021948757109747,-3.0210167805291555,0.048751623451225995
2018-05-31,-0.6372544447645088,-3.4961499987400257,0.03031386747453412
2018-06-30,-0.6922244026244158,-3.6895317277498454,0.024983698476207343
2018-07-31,-0.6860903947608283,-3.6679525762896343,0.025528684509733435
2018-08-31,-0.7324782150334206,-3.8311427484955582,0.021684821168863114
2018-09-30,-0.8344097690011152,-4.189733166140893,0.015150326953948827
2018-10-31,-0.4071489747894769,-2.6866497667807057,0.06810873772553913
2018-11-30,-0.4774114085256642,-2.933829707412458,0.0531929341910823
2018-12-31,-0.3533235455884352,-2.497294435817556,0.08230738556150065
2019-01-31,-0.4700118404866371,-2.9077983747168856,0.05459579713645292
2019-02-28,-0.7156939024290905,-3.772096325357694,0.02300378927910173
2019-03-31,-0.6105341874245334,-3.4021493888585232,0.033301614860623795
2019-04-30,-0.7658304217674903,-3.9484742447460137,0.01928410216097755
2019-05-31,-0.5375323949876072,-3.1453325130252363,0.043052606114209954
2019-06-30,-0.618050269095199,-3.4285906110358546,0.03243261875127297
2019-07-31,-0.6993606185502004,-3.714636600084524,0.024364293488644776
2019-08-31,-0.4159896582975448,-2.7177508759861344,0.06602308165913458
2019-09-30,-0.6972725370781045,-3.7072908275733583,0.02454392701174874
2019-10-31,-0.5662260221874507,-3.246275345355767,0.03891889765754066
2019-11-30,-0.7942343782984027,-4.048398029273304,0.017450307141206916
2019-12-31,-0.723439816194994,-3.799346086047504,0.022385405199962845
2020-01-31,-0.6082913706000497,-3.394259264647835,0.03356540805029182
2020-02-29,-0.3985063592940023,-2.6562454515374347,0.07021133936791053
2020-03-31,-0.0121013907511494,-1.2968909272855167,0.2733804327532589
2020-04-30,-0.2502964823821876,-2.134850068143052,0.11826232033675438
2020-05-31,-0.426021712325601,-2.753043170704817,0.06373361352659533
2020-06-30,-0.3404360091258271,-2.4519566880578116,0.08612490195453786
2020-07-31,-0.5584236255533459,-3.21882688058945,0.04000195781906165
2020-08-31,-0.6684639984387741,-3.605943742197781,0.027161798977565425
2020-09-30,-0.3972532264540679,-2.651836989084487,0.07052154668755119
2020-10-31,-0.4391061331919375,-2.7990735485463434,0.06086642630120735
2020-11-30,-0.4973389191274154,-3.0039337534233583,0.049591603025521944
2020-12-31,-0.6814340887815862,-3.651571910629322,0.025950305141120844
2021-01-31,-0.519924004567135,-3.0833870228491476,0.045803854919810955
2021-02-28,-0.5669657359798832,-3.2488776237223895,0.03881775151440261
2021-03-31,-0.4977413418174056,-3.005349457539076,0.04952144566176555
2021-04-30,-0.6180437630771851,-3.428567723170164,0.032433361073190003
2021-05-31,-0.5675097003738252,-3.25079126490233,0.038743539297016814
2021-06-30,-0.6964397309380519,-3.704361054701714,0.02461594058346467
2021-07-31,-0.6088532327773621,-3.396235869388752,0.033499128031887586
2021-08-31,-0.6975564061911641,-3.708289465775626,0.024519428743090592
2021-09-30,-0.5767135836365698,-3.2831700937799164,0.03750916057716972
2021-10-31,-0.6061763349716369,-3.386818668681176,0.03381608613069503
2021-11-30,-0.5833304340120109,-3.306447862510668,0.036646114871225835
2021-12-31,-0.4951422310855668,-2.996205908102638,0.04997632387992447
2022-01-31,-0.4796143710163567,-2.9415796259494096,0.05278228658244872
2022-02-28,-0.4393459206492977,-2.79991710955502,0.06081510340728168
2022-03-31,-0.4042973406117147,-2.676617851726222,0.06879543749467233
2022-04-30,-0.3961435153351512,-2.647933077507468,0.07079739466280713
2022-05-31,-0.3326113773461788,-2.4244300010941817,0.0885285658490767
2022-06-30,-0.342703137800372,-2.4599323402147326,0.08544073167331646
2022-07-31,-0.4627164855690007,-2.8821336588859534,0.056015118084533584
2022-08-31,-0.4520581925749675,-2.844638284908549,0.058155298584970296
2022-09-30,-0.3956878068900838,-2.646329916608998,0.07091098530535385
2022-10-31,-0.3607784636908072,-2.5235204874353756,0.08017684773173905
2022-11-30,-0.3664877773811796,-2.5436055847483017,0.07858255232798445
2022-12-31,-0.4829573900138809,-2.953340209712298,0.052165172006541444
2023-01-31,-0.5089080701013746,-3.0446334829778476,0.04761376004337483
2023-02-28,-0.5458886037691912,-3.1747292629057444,0.041805420831079236
2023-03-31,-0.4746335513608801,-2.9240573364232487,0.053715303514262645
2023-04-30,-0.6220000644529124,-3.442485805524746,0.03198507774140543
2023-05-31,-0.5812931492435054,-3.29928079041607,0.03690970367014628
2023-06-30,-0.6111659218083085,-3.4043718007388586,0.03322768713547864
2023-07-31,-0.7140022939132094,-3.7661453260783695,0.02314109295434934
2023-08-31,-0.5838016245467705,-3.308105488673255,0.03658541963136471
2023-09-30,-0.6206561180924512,-3.437757865373422,0.03213665932667005
2023-10-31,-0.551110209430651,-3.193098626287721,0.04104449214901375
2023-11-30,-0.5855537287908394,-3.3142693090819773,0.03636060723855507
2023-12-31,-0.6577583194293852,-3.568281666444767,0.028204276419749506
2024-01-31,-0.6283202010451334,-3.4647197491071067,0.0312817709422407
2024-02-29,-0.5942705217166373,-3.3449345770399286,0.03526252206072388
2024-03-31,-0.6608116709131908,-3.579023213504305,0.02790294016345885
2024-04-30,-0.5615518583380823,-3.2298318565473947,0.03956415068204194
2024-05-31,-0.6528911252689256,-3.551159106071428,0.02869136403872617
2024-06-30,-0.7731792577072676,-3.974327104300053,0.018791942258388983
2024-07-31,-0.5451804371803088,-3.172237966118978,0.04190970038338714
2024-08-31,-0.4600790825539478,-2.8728553989963164,0.05653725944373112
2024-09-30,-0.5702714967344058,-3.2605071347369625,0.03836893486305903
2024-10-31,-0.6157651094698648,-3.4205515268412334,0.032694398127458904
2024-11-30,-0.593788739021005,-3.3432396881530604,0.03532233879452686
2024-12-31,-0.5524313086464208,-3.197746191257484,0.04085417779682201
2025-01-31,-0.5655493059111762,-3.243894689291075,0.03901166054173031
2025-02-28,-0.591765795438443,-3.3361230676767963,0.035574611072370296
2025-03-31,-0.4447494406473409,-2.8189264390259248,0.05966996768406272
2025-04-30,-0.2073118971872268,-1.983632317040605,0.13756863578954326
2025-05-31,-0.5046941091272521,-3.029808966262144,0.0483248689246848
2025-06-30,-0.6469305090665385,-3.530189938328582,0.02929935026887867
2025-07-31,-0.766483642548552,-3.9507722447624736,0.01923983817269623
2025-08-31,-0.6066747309274148,-3.3885720022366694,0.033756847200144914
2025-09-30,-0.7362332132508449,-3.844352655797379,0.0214002504062238
2025-10-31,-0.5532428765886743,-3.200601249147139,0.04073770310429162
2025-11-30,-0.549585495624368,-3.1877347547552812,0.04126524103708779
2025-12-31,-0.6864109689123303,-3.669080341092571,0.025499910386149693
2026-01-31,-0.6506567584955547,-3.5432987087435324,0.028917778247003798
2026-02-28,-0.5869859328559217,-3.319307735691405,0.036177867733882194
2026-03-31,-0.4764794654073785,-2.9305511753093016,0.053367615125547475
2026-04-30,-0.5636781434551519,-3.237312027686596,0.039269308174943875
2026-05-31,-0.641747011077763,-3.5119546359486353,0.029838533928122617
2026-06-30,-0.5010004247788469,-3.0168147582707263,0.04895690986508118
2026-07-31,-0.6019154792451211,-3.371829178429884,0.0343267900576057
2026-08-31,-0.6405629028808091,-3.507788998946598,0.02996308967604325
