model,target_month,virtual_node,qubit,shots,z_mean,standard_error
QR1,2018-01-31,1,0,100,-0.6054505762018435,0.07958829058202303
QR1,2018-01-31,1,1,100,0.6364532159082,0.07713153077439266
QR1,2018-01-31,1,2,100,0.8208839540731341,0.05710950305730691
QR1,2018-01-31,1,3,100,0.8546087437718775,0.051927246708125346
QR1,2018-01-31,1,4,100,-0.7318757473265269,0.06814381046545868
QR1,2018-01-31,1,5,100,0.8226612536840209,0.0568531847557402
QR1,2018-01-31,1,6,100,0.8171027925870497,0.05764920002449669
QR1,2018-01-31,1,7,100,0.6947048837269479,0.07192948800915559
QR1,2018-01-31,1,8,100,0.7253595207664513,0.06883702242496127
QR1,2018-01-31,1,9,100,0.6512220827102674,0.0758887210980986
QR1,2018-01-31,1,0,1000,-0.6054505762018435,0.02516802733185209
QR1,2018-01-31,1,1,1000,0.6364532159082,0.024391131666245177
QR1,2018-01-31,1,2,1000,0.8208839540731341,0.01805961057014394
QR1,2018-01-31,1,3,1000,0.8546087437718775,0.01642083722191568
QR1,2018-01-31,1,4,1000,-0.7318757473265269,0.021548964951366822
QR1,2018-01-31,1,5,1000,0.8226612536840209,0.01797855560625027
QR1,2018-01-31,1,6,1000,0.8171027925870497,0.018230277736404427
QR1,2018-01-31,1,7,1000,0.6947048837269479,0.022746101303870205
QR1,2018-01-31,1,8,1000,0.7253595207664513,0.02176817782069648
QR1,2018-01-31,1,9,1000,0.6512220827102674,0.0239981207387266
QR1,2018-01-31,1,0,10000,-0.6054505762018435,0.007958829058202305
QR1,2018-01-31,1,1,10000,0.6364532159082,0.0077131530774392654
QR1,2018-01-31,1,2,10000,0.8208839540731341,0.00571095030573069
QR1,2018-01-31,1,3,10000,0.8546087437718775,0.005192724670812535
QR1,2018-01-31,1,4,10000,-0.7318757473265269,0.006814381046545868
QR1,2018-01-31,1,5,10000,0.8226612536840209,0.00568531847557402
QR1,2018-01-31,1,6,10000,0.8171027925870497,0.005764920002449669
QR1,2018-01-31,1,7,10000,0.6947048837269479,0.007192948800915559
QR1,2018-01-31,1,8,10000,0.7253595207664513,0.006883702242496128
QR1,2018-01-31,1,9,10000,0.6512220827102674,0.007588872109809861
QR1,2018-10-31,1,0,100,-0.611210196540209,0.07914683162611609
QR1,2018-10-31,1,1,100,0.7277719938492452,0.06858191634597943
QR1,2018-10-31,1,2,100,0.8273785551481843,0.0561644662113779
QR1,2018-10-31,1,3,100,0.8562219308833114,0.05166081736427055
QR1,2018-10-31,1,4,100,-0.6565115464972411,0.07543159744535434
QR1,2018-10-31,1,5,100,0.8577570468958355,0.05140552971233088
QR1,2018-10-31,1,6,100,0.729122519824096,0.06843831902416646
QR1,2018-10-31,1,7,100,0.7038486004098179,0.0710350017738536
QR1,2018-10-31,1,8,100,0.7356171057722805,0.06773975743204366
QR1,2018-10-31,1,9,100,0.6664224935414531,0.07455743156131317
QR1,2018-10-31,1,0,1000,-0.611210196540209,0.025028425752437505
QR1,2018-10-31,1,1,1000,0.7277719938492452,0.021687506195242737
QR1,2018-10-31,1,2,1000,0.8273785551481843,0.01776076367955221
QR1,2018-10-31,1,3,1000,0.8562219308833114,0.016336584865707146
QR1,2018-10-31,1,4,1000,-0.6565115464972411,0.023853565547225824
QR1,2018-10-31,1,5,1000,0.8577570468958355,0.01625585582184258
QR1,2018-10-31,1,6,1000,0.729122519824096,0.02164209673495982
QR1,2018-10-31,1,7,1000,0.7038486004098179,0.022463239919947843
QR1,2018-10-31,1,8,1000,0.7356171057722805,0.02142119216325766
QR1,2018-10-31,1,9,1000,0.6664224935414531,0.02357713002258735
QR1,2018-10-31,1,0,10000,-0.611210196540209,0.007914683162611609
QR1,2018-10-31,1,1,10000,0.7277719938492452,0.006858191634597943
QR1,2018-10-31,1,2,10000,0.8273785551481843,0.005616446621137789
QR1,2018-10-31,1,3,10000,0.8562219308833114,0.005166081736427055
QR1,2018-10-31,1,4,10000,-0.6565115464972411,0.007543159744535434
QR1,2018-10-31,1,5,10000,0.8577570468958355,0.005140552971233088
QR1,2018-10-31,1,6,10000,0.729122519824096,0.0068438319024166465
QR1,2018-10-31,1,7,10000,0.7038486004098179,0.0071035001773853594
QR1,2018-10-31,1,8,10000,0.7356171057722805,0.006773975743204366
QR1,2018-10-31,1,9,10000,0.6664224935414531,0.007455743156131318
QR1,2019-08-31,1,0,100,-0.4757990257574813,0.08795540273844644
QR1,2019-08-31,1,1,100,0.65659347863906,0.07542446577925876
QR1,2019-08-31,1,2,100,0.834622186669942,0.05508228440417881
QR1,2019-08-31,1,3,100,0.8546008100219219,0.05192855240711747
QR1,2019-08-31,1,4,100,-0.6184671485280361,0.07858106554327192
QR1,2019-08-31,1,5,100,0.8512951079246601,0.05246871822558093
QR1,2019-08-31,1,6,100,0.7043106670167318,0.0709891882138714
QR1,2019-08-31,1,7,100,0.6964898628025432,0.07175666317585386
QR1,2019-08-31,1,8,100,0.7299200338524915,0.06835325480039536
QR1,2019-08-31,1,9,100,0.6742634051741335,0.0738490934570616
QR1,2019-08-31,1,0,1000,-0.4757990257574813,0.02781394051709019
QR1,2019-08-31,1,1,1000,0.65659347863906,0.02385131031638844
QR1,2019-08-31,1,2,1000,0.834622186669942,0.017418547744237577
QR1,2019-08-31,1,3,1000,0.8546008100219219,0.01642125012019105
QR1,2019-08-31,1,4,1000,-0.6184671485280361,0.0248495148079716
QR1,2019-08-31,1,5,1000,0.8512951079246601,0.016592065550242407
QR1,2019-08-31,1,6,1000,0.7043106670167318,0.022448752400221393
QR1,2019-08-31,1,7,1000,0.6964898628025432,0.022691449292922963
QR1,2019-08-31,1,8,1000,0.7299200338524915,0.02161519706550873
QR1,2019-08-31,1,9,1000,0.6742634051741335,0.02335313384629527
QR1,2019-08-31,1,0,10000,-0.4757990257574813,0.008795540273844644
QR1,2019-08-31,1,1,10000,0.65659347863906,0.007542446577925877
QR1,2019-08-31,1,2,10000,0.834622186669942,0.0055082284404178805
QR1,2019-08-31,1,3,10000,0.8546008100219219,0.005192855240711747
QR1,2019-08-31,1,4,10000,-0.6184671485280361,0.007858106554327192
QR1,2019-08-31,1,5,10000,0.8512951079246601,0.005246871822558093
QR1,2019-08-31,1,6,10000,0.7043106670167318,0.007098918821387141
QR1,2019-08-31,1,7,10000,0.6964898628025432,0.007175666317585386
QR1,2019-08-31,1,8,10000,0.7299200338524915,0.0068353254800395365
QR1,2019-08-31,1,9,10000,0.6742634051741335,0.00738490934570616
QR1,2020-05-31,1,0,100,0.5618069623368032,0.0827268358557182
QR1,2020-05-31,1,1,100,-0.7528608985220272,0.06581796620046888
QR1,2020-05-31,1,2,100,0.7800172741709555,0.0625757981966601
QR1,2020-05-31,1,3,100,0.7767209506595685,0.06298448736049986
QR1,2020-05-31,1,4,100,-0.13192820620209195,0.0991259274059163
QR1,2020-05-31,1,5,100,-0.7951742676743857,0.06063809726801335
QR1,2020-05-31,1,6,100,0.1307198947305684,0.09914193407038363
QR1,2020-05-31,1,7,100,0.6752827806320782,0.07375589238710416
QR1,2020-05-31,1,8,100,0.7252475714733198,0.0688488169885331
QR1,2020-05-31,1,9,100,0.7142161708491279,0.06999251826428378
QR1,2020-05-31,1,0,1000,0.5618069623368032,0.026160522492295415
QR1,2020-05-31,1,1,1000,-0.7528608985220272,0.02081346841534602
QR1,2020-05-31,1,2,1000,0.7800172741709555,0.0197882048704503
QR1,2020-05-31,1,3,1000,0.7767209506595685,0.019917443731726634
QR1,2020-05-31,1,4,1000,-0.13192820620209195,0.03134637057792016
QR1,2020-05-31,1,5,1000,-0.7951742676743857,0.019175450034575586
QR1,2020-05-31,1,6,1000,0.1307198947305684,0.03135143232966605
QR1,2020-05-31,1,7,1000,0.6752827806320782,0.023323661080152252
QR1,2020-05-31,1,8,1000,0.7252475714733198,0.021771907589185943
QR1,2020-05-31,1,9,1000,0.7142161708491279,0.022133577688607183
QR1,2020-05-31,1,0,10000,0.5618069623368032,0.00827268358557182
QR1,2020-05-31,1,1,10000,-0.7528608985220272,0.006581796620046887
QR1,2020-05-31,1,2,10000,0.7800172741709555,0.0062575798196660105
QR1,2020-05-31,1,3,10000,0.7767209506595685,0.006298448736049986
QR1,2020-05-31,1,4,10000,-0.13192820620209195,0.00991259274059163
QR1,2020-05-31,1,5,10000,-0.7951742676743857,0.006063809726801335
QR1,2020-05-31,1,6,10000,0.1307198947305684,0.009914193407038363
QR1,2020-05-31,1,7,10000,0.6752827806320782,0.007375589238710416
QR1,2020-05-31,1,8,10000,0.7252475714733198,0.00688488169885331
QR1,2020-05-31,1,9,10000,0.7142161708491279,0.006999251826428378
QR1,2021-02-28,1,0,100,0.04360656165693943,0.09990487814818946
QR1,2021-02-28,1,1,100,0.6723285006205253,0.07402529211380088
QR1,2021-02-28,1,2,100,0.8398141123052892,0.05428740708238678
QR1,2021-02-28,1,3,100,0.8458317448319573,0.05334497721759054
QR1,2021-02-28,1,4,100,-0.36251694161744447,0.09319771816092566
QR1,2021-02-28,1,5,100,0.8610147082122529,0.050858005490007935
QR1,2021-02-28,1,6,100,0.7291905756407829,0.06843106782716915
QR1,2021-02-28,1,7,100,0.7172966973697484,0.0696767858000389
QR1,2021-02-28,1,8,100,0.7475702962468392,0.06641826948734902
QR1,2021-02-28,1,9,100,0.7095410518901327,0.07046641013154017
QR1,2021-02-28,1,0,1000,0.04360656165693943,0.03159269643098636
QR1,2021-02-28,1,1,1000,0.6723285006205253,0.023408852753891103
QR1,2021-02-28,1,2,1000,0.8398141123052892,0.01716718546450984
QR1,2021-02-28,1,3,1000,0.8458317448319573,0.01686916297373777
QR1,2021-02-28,1,4,1000,-0.36251694161744447,0.029471706211896407
QR1,2021-02-28,1,5,1000,0.8610147082122529,0.016082713460177287
QR1,2021-02-28,1,6,1000,0.7291905756407829,0.02163980370513241
QR1,2021-02-28,1,7,1000,0.7172966973697484,0.02203373431678004
QR1,2021-02-28,1,8,1000,0.7475702962468392,0.021003300982688693
QR1,2021-02-28,1,9,1000,0.7095410518901327,0.022283435455123225
QR1,2021-02-28,1,0,10000,0.04360656165693943,0.009990487814818946
QR1,2021-02-28,1,1,10000,0.6723285006205253,0.0074025292113800885
QR1,2021-02-28,1,2,10000,0.8398141123052892,0.005428740708238678
QR1,2021-02-28,1,3,10000,0.8458317448319573,0.005334497721759054
QR1,2021-02-28,1,4,10000,-0.36251694161744447,0.009319771816092564
QR1,2021-02-28,1,5,10000,0.8610147082122529,0.005085800549000793
QR1,2021-02-28,1,6,10000,0.7291905756407829,0.006843106782716914
QR1,2021-02-28,1,7,10000,0.7172966973697484,0.00696767858000389
QR1,2021-02-28,1,8,10000,0.7475702962468392,0.006641826948734902
QR1,2021-02-28,1,9,10000,0.7095410518901327,0.007046641013154018
QR1,2021-12-31,1,0,100,-0.09357022852391023,0.09956126818868798
QR1,2021-12-31,1,1,100,0.790632213954191,0.061229135406103544
QR1,2021-12-31,1,2,100,0.859159873940296,0.05117072512784011
QR1,2021-12-31,1,3,100,0.8430278264289669,0.053786995070040276
QR1,2021-12-31,1,4,100,-0.47224757472494566,0.08814659540597179
QR1,2021-12-31,1,5,100,0.7085688363817327,0.07056416966907775
QR1,2021-12-31,1,6,100,0.7794501706376044,0.06264642300187709
QR1,2021-12-31,1,7,100,0.7110985816797114,0.07030923176461999
QR1,2021-12-31,1,8,100,0.7427579256217632,0.06695600525166187
QR1,2021-12-31,1,9,100,0.6959216090915609,0.07181177577524557
QR1,2021-12-31,1,0,1000,-0.09357022852391023,0.03148403742111207
QR1,2021-12-31,1,1,1000,0.790632213954191,0.0193623527046146
QR1,2021-12-31,1,2,1000,0.859159873940296,0.016181604092638552
QR1,2021-12-31,1,3,1000,0.8430278264289669,0.01700894129175751
QR1,2021-12-31,1,4,1000,-0.47224757472494566,0.027874400947220532
QR1,2021-12-31,1,5,1000,0.7085688363817327,0.022314349735285573
QR1,2021-12-31,1,6,1000,0.7794501706376044,0.019810538394829443
QR1,2021-12-31,1,7,1000,0.7110985816797114,0.022233731291285877
QR1,2021-12-31,1,8,1000,0.7427579256217632,0.021173347962144703
QR1,2021-12-31,1,9,1000,0.6959216090915609,0.02270887742710799
QR1,2021-12-31,1,0,10000,-0.09357022852391023,0.009956126818868797
QR1,2021-12-31,1,1,10000,0.790632213954191,0.006122913540610355
QR1,2021-12-31,1,2,10000,0.859159873940296,0.005117072512784011
QR1,2021-12-31,1,3,10000,0.8430278264289669,0.005378699507004027
QR1,2021-12-31,1,4,10000,-0.47224757472494566,0.00881465954059718
QR1,2021-12-31,1,5,10000,0.7085688363817327,0.0070564169669077755
QR1,2021-12-31,1,6,10000,0.7794501706376044,0.006264642300187709
QR1,2021-12-31,1,7,10000,0.7110985816797114,0.007030923176461999
QR1,2021-12-31,1,8,10000,0.7427579256217632,0.006695600525166188
QR1,2021-12-31,1,9,10000,0.6959216090915609,0.007181177577524558
QR1,2022-09-30,1,0,100,0.1012367886131665,0.0994862358636254
QR1,2022-09-30,1,1,100,0.8811210738530469,0.04728907413050619
QR1,2022-09-30,1,2,100,0.8592438453776495,0.051156623635715784
QR1,2022-09-30,1,3,100,0.8523108597548726,0.0523035561261285
QR1,2022-09-30,1,4,100,-0.1691804372558808,0.09855850950830712
QR1,2022-09-30,1,5,100,0.8507624532389568,0.05255504239926263
QR1,2022-09-30,1,6,100,0.5993089964073892,0.0800517786701311
QR1,2022-09-30,1,7,100,0.712623327521994,0.07015468573598477
QR1,2022-09-30,1,8,100,0.7491798962104494,0.06623665775943845
QR1,2022-09-30,1,9,100,0.7236213947417678,0.06901971291391874
QR1,2022-09-30,1,0,1000,0.1012367886131665,0.03146031011657849
QR1,2022-09-30,1,1,1000,0.8811210738530469,0.014954118269294615
QR1,2022-09-30,1,2,1000,0.8592438453776495,0.016177144809286573
QR1,2022-09-30,1,3,1000,0.8523108597548726,0.016539836708501912
QR1,2022-09-30,1,4,1000,-0.1691804372558808,0.031166937283761242
QR1,2022-09-30,1,5,1000,0.8507624532389568,0.016619363650839023
QR1,2022-09-30,1,6,1000,0.5993089964073892,0.025314595134529914
QR1,2022-09-30,1,7,1000,0.712623327521994,0.02218485954590379
QR1,2022-09-30,1,8,1000,0.7491798962104494,0.020945870311689076
QR1,2022-09-30,1,9,1000,0.7236213947417678,0.021825949625892026
QR1,2022-09-30,1,0,10000,0.1012367886131665,0.00994862358636254
QR1,2022-09-30,1,1,10000,0.8811210738530469,0.004728907413050619
QR1,2022-09-30,1,2,10000,0.8592438453776495,0.005115662363571578
QR1,2022-09-30,1,3,10000,0.8523108597548726,0.005230355612612849
QR1,2022-09-30,1,4,10000,-0.1691804372558808,0.009855850950830712
QR1,2022-09-30,1,5,10000,0.8507624532389568,0.005255504239926264
QR1,2022-09-30,1,6,10000,0.5993089964073892,0.00800517786701311
QR1,2022-09-30,1,7,10000,0.712623327521994,0.007015468573598476
QR1,2022-09-30,1,8,10000,0.7491798962104494,0.006623665775943845
QR1,2022-09-30,1,9,10000,0.7236213947417678,0.006901971291391875
QR1,2023-07-31,1,0,100,-0.2873404674145507,0.09578285106353775
QR1,2023-07-31,1,1,100,-0.04270361187186305,0.09990877846981691
QR1,2023-07-31,1,2,100,0.8686067258160656,0.049550212498746374
QR1,2023-07-31,1,3,100,0.8619317862318622,0.05070242557148024
QR1,2023-07-31,1,4,100,-0.502021721906585,0.08648550113943639
QR1,2023-07-31,1,5,100,0.8770869039044571,0.04803317218332467
QR1,2023-07-31,1,6,100,0.6195523254809451,0.07849553592346198
QR1,2023-07-31,1,7,100,0.7165520046105411,0.06975336727991079
QR1,2023-07-31,1,8,100,0.7527679335249648,0.06582859851588457
QR1,2023-07-31,1,9,100,0.7056310240859298,0.0708579464737329
QR1,2023-07-31,1,0,1000,-0.2873404674145507,0.030289197014546052
QR1,2023-07-31,1,1,1000,-0.04270361187186305,0.03159392982098136
QR1,2023-07-31,1,2,1000,0.8686067258160656,0.015669153004138167
QR1,2023-07-31,1,3,1000,0.8619317862318622,0.016033514770104194
QR1,2023-07-31,1,4,1000,-0.502021721906585,0.027349116818170663
QR1,2023-07-31,1,5,1000,0.8770869039044571,0.015189422734234882
QR1,2023-07-31,1,6,1000,0.6195523254809451,0.02482246796737083
QR1,2023-07-31,1,7,1000,0.7165520046105411,0.022057951507078188
QR1,2023-07-31,1,8,1000,0.7527679335249648,0.02081683064869751
QR1,2023-07-31,1,9,1000,0.7056310240859298,0.02240725011792924
QR1,2023-07-31,1,0,10000,-0.2873404674145507,0.009578285106353775
QR1,2023-07-31,1,1,10000,-0.04270361187186305,0.009990877846981692
QR1,2023-07-31,1,2,10000,0.8686067258160656,0.004955021249874637
QR1,2023-07-31,1,3,10000,0.8619317862318622,0.005070242557148025
QR1,2023-07-31,1,4,10000,-0.502021721906585,0.008648550113943639
QR1,2023-07-31,1,5,10000,0.8770869039044571,0.004803317218332467
QR1,2023-07-31,1,6,10000,0.6195523254809451,0.007849553592346199
QR1,2023-07-31,1,7,10000,0.7165520046105411,0.006975336727991079
QR1,2023-07-31,1,8,10000,0.7527679335249648,0.006582859851588457
QR1,2023-07-31,1,9,10000,0.7056310240859298,0.0070857946473732916
QR1,2024-04-30,1,0,100,-0.31167453770568493,0.09501889193975828
QR1,2024-04-30,1,1,100,0.3824968850441656,0.09239567808785804
QR1,2024-04-30,1,2,100,0.8680837877730625,0.04964177045649874
QR1,2024-04-30,1,3,100,0.8537258205428027,0.05207227893404674
QR1,2024-04-30,1,4,100,-0.5314853303406921,0.08470674965034627
QR1,2024-04-30,1,5,100,0.8654009835010814,0.05010799714170978
QR1,2024-04-30,1,6,100,0.7796891983103611,0.06261667142527978
QR1,2024-04-30,1,7,100,0.7104271910854258,0.070377070567513
QR1,2024-04-30,1,8,100,0.7430746961136241,0.06692084847008768
QR1,2024-04-30,1,9,100,0.6926284535900102,0.07212945482100289
QR1,2024-04-30,1,0,1000,-0.31167453770568493,0.03004761192750509
QR1,2024-04-30,1,1,1000,0.3824968850441656,0.02921807887133425
QR1,2024-04-30,1,2,1000,0.8680837877730625,0.015698106172579263
QR1,2024-04-30,1,3,1000,0.8537258205428027,0.016466700438719253
QR1,2024-04-30,1,4,1000,-0.5314853303406921,0.02678662620847657
QR1,2024-04-30,1,5,1000,0.8654009835010814,0.015845539995700986
QR1,2024-04-30,1,6,1000,0.7796891983103611,0.019801130120226596
QR1,2024-04-30,1,7,1000,0.7104271910854258,0.022255183804373992
QR1,2024-04-30,1,8,1000,0.7430746961136241,0.021162230411647154
QR1,2024-04-30,1,9,1000,0.6926284535900102,0.022809336362058185
QR1,2024-04-30,1,0,10000,-0.31167453770568493,0.009501889193975828
QR1,2024-04-30,1,1,10000,0.3824968850441656,0.009239567808785805
QR1,2024-04-30,1,2,10000,0.8680837877730625,0.004964177045649875
QR1,2024-04-30,1,3,10000,0.8537258205428027,0.005207227893404675
QR1,2024-04-30,1,4,10000,-0.5314853303406921,0.008470674965034628
QR1,2024-04-30,1,5,10000,0.8654009835010814,0.005010799714170978
QR1,2024-04-30,1,6,10000,0.7796891983103611,0.0062616671425279775
QR1,2024-04-30,1,7,10000,0.7104271910854258,0.0070377070567513
QR1,2024-04-30,1,8,10000,0.7430746961136241,0.006692084847008769
QR1,2024-04-30,1,9,10000,0.6926284535900102,0.007212945482100289
QR1,2025-01-31,1,0,100,-0.00857999953475298,0.09999631911265457
QR1,2025-01-31,1,1,100,0.8537076275060644,0.05207526156803895
QR1,2025-01-31,1,2,100,0.8577999023955212,0.05139837813104952
QR1,2025-01-31,1,3,100,0.8351970965943658,0.05499507340120043
QR1,2025-01-31,1,4,100,-0.4074789388292893,0.09132146047948186
QR1,2025-01-31,1,5,100,0.8541502575236637,0.052002628546282126
QR1,2025-01-31,1,6,100,0.7956005651484503,0.06058215419869675
QR1,2025-01-31,1,7,100,0.7164893519225899,0.06975980279369688
QR1,2025-01-31,1,8,100,0.7454761460404189,0.06665323065573976
QR1,2025-01-31,1,9,100,0.7077254652450038,0.07064875553353672
QR1,2025-01-31,1,0,1000,-0.00857999953475298,0.03162161260290158
QR1,2025-01-31,1,1,1000,0.8537076275060644,0.016467643630403452
QR1,2025-01-31,1,2,1000,0.8577999023955212,0.016253594293270487
QR1,2025-01-31,1,3,1000,0.8351970965943658,0.017390969203593638
QR1,2025-01-31,1,4,1000,-0.4074789388292893,0.028878381436821508
QR1,2025-01-31,1,5,1000,0.8541502575236637,0.01644467505219424
QR1,2025-01-31,1,6,1000,0.7956005651484503,0.019157759282741472
QR1,2025-01-31,1,7,1000,0.7164893519225899,0.02205998659522593
QR1,2025-01-31,1,8,1000,0.7454761460404189,0.021077602228069602
QR1,2025-01-31,1,9,1000,0.7077254652450038,0.022341098134240036
QR1,2025-01-31,1,0,10000,-0.00857999953475298,0.009999631911265456
QR1,2025-01-31,1,1,10000,0.8537076275060644,0.005207526156803895
QR1,2025-01-31,1,2,10000,0.8577999023955212,0.005139837813104952
QR1,2025-01-31,1,3,10000,0.8351970965943658,0.005499507340120043
QR1,2025-01-31,1,4,10000,-0.4074789388292893,0.009132146047948188
QR1,2025-01-31,1,5,10000,0.8541502575236637,0.005200262854628213
QR1,2025-01-31,1,6,10000,0.7956005651484503,0.006058215419869675
QR1,2025-01-31,1,7,10000,0.7164893519225899,0.006975980279369688
QR1,2025-01-31,1,8,10000,0.7454761460404189,0.006665323065573977
QR1,2025-01-31,1,9,10000,0.7077254652450038,0.007064875553353673
QR1,2025-11-30,1,0,100,-0.027163639726853216,0.09996310002579913
QR1,2025-11-30,1,1,100,0.4504714249323345,0.08927908463461273
QR1,2025-11-30,1,2,100,0.8727447435104936,0.048817682521275524
QR1,2025-11-30,1,3,100,0.8495997753649395,0.052742793033726094
QR1,2025-11-30,1,4,100,-0.5853316368923072,0.0810793978056679
QR1,2025-11-30,1,5,100,-0.03468600804148417,0.09993982593771857
QR1,2025-11-30,1,6,100,0.8057208518501844,0.05922954574313528
QR1,2025-11-30,1,7,100,0.7032559616181515,0.07109367429304321
QR1,2025-11-30,1,8,100,0.738032792021267,0.06747648463733832
QR1,2025-11-30,1,9,100,0.6823544375575084,0.07310214918493017
QR1,2025-11-30,1,0,1000,-0.027163639726853216,0.03161110780527617
QR1,2025-11-30,1,1,1000,0.4504714249323345,0.028232525486031786
QR1,2025-11-30,1,2,1000,0.8727447435104936,0.015437506685822194
QR1,2025-11-30,1,3,1000,0.8495997753649395,0.016678735614543645
QR1,2025-11-30,1,4,1000,-0.5853316368923072,0.025639556838076873
QR1,2025-11-30,1,5,1000,-0.03468600804148417,0.031603747892396374
QR1,2025-11-30,1,6,1000,0.8057208518501844,0.018730026932543782
QR1,2025-11-30,1,7,1000,0.7032559616181515,0.022481793799617754
QR1,2025-11-30,1,8,1000,0.738032792021267,0.021337937995534982
QR1,2025-11-30,1,9,1000,0.6823544375575084,0.02311692932778008
QR1,2025-11-30,1,0,10000,-0.027163639726853216,0.009996310002579912
QR1,2025-11-30,1,1,10000,0.4504714249323345,0.008927908463461273
QR1,2025-11-30,1,2,10000,0.8727447435104936,0.004881768252127552
QR1,2025-11-30,1,3,10000,0.8495997753649395,0.005274279303372609
QR1,2025-11-30,1,4,10000,-0.5853316368923072,0.00810793978056679
QR1,2025-11-30,1,5,10000,-0.03468600804148417,0.009993982593771855
QR1,2025-11-30,1,6,10000,0.8057208518501844,0.005922954574313528
QR1,2025-11-30,1,7,10000,0.7032559616181515,0.0071093674293043205
QR1,2025-11-30,1,8,10000,0.738032792021267,0.006747648463733832
QR1,2025-11-30,1,9,10000,0.6823544375575084,0.007310214918493017
QR1,2026-08-31,1,0,100,-0.2483941950368177,0.09686590338566067
QR1,2026-08-31,1,1,100,0.7413884531721846,0.06710761219883768
QR1,2026-08-31,1,2,100,0.886352677329487,0.04630107249199026
QR1,2026-08-31,1,3,100,0.8548774454415662,0.051882998494237526
QR1,2026-08-31,1,4,100,-0.48673336264428846,0.0873550590228744
QR1,2026-08-31,1,5,100,-0.27495033802928714,0.09614584294797067
QR1,2026-08-31,1,6,100,0.8875994348184635,0.04606161561538496
QR1,2026-08-31,1,7,100,0.7174293584097717,0.06966312623560234
QR1,2026-08-31,1,8,100,0.7505299044610305,0.06608364869691441
QR1,2026-08-31,1,9,100,0.715507250246715,0.06986053069111256
QR1,2026-08-31,1,0,1000,-0.2483941950368177,0.030631688230850333
QR1,2026-08-31,1,1,1000,0.7413884531721846,0.02122129028836274
QR1,2026-08-31,1,2,1000,0.886352677329487,0.014641684718325748
QR1,2026-08-31,1,3,1000,0.8548774454415662,0.0164068447080877
QR1,2026-08-31,1,4,1000,-0.48673336264428846,0.027624095165072592
QR1,2026-08-31,1,5,1000,-0.27495033802928714,0.030403985127242517
QR1,2026-08-31,1,6,1000,0.8875994348184635,0.014565961805179483
QR1,2026-08-31,1,7,1000,0.7174293584097717,0.0220294147832335
QR1,2026-08-31,1,8,1000,0.7505299044610305,0.020897484597666768
QR1,2026-08-31,1,9,1000,0.715507250246715,0.022091839553201268
QR1,2026-08-31,1,0,10000,-0.2483941950368177,0.009686590338566068
QR1,2026-08-31,1,1,10000,0.7413884531721846,0.006710761219883767
QR1,2026-08-31,1,2,10000,0.886352677329487,0.0046301072491990265
QR1,2026-08-31,1,3,10000,0.8548774454415662,0.005188299849423752
QR1,2026-08-31,1,4,10000,-0.48673336264428846,0.008735505902287439
QR1,2026-08-31,1,5,10000,-0.27495033802928714,0.009614584294797068
QR1,2026-08-31,1,6,10000,0.8875994348184635,0.0046061615615384955
QR1,2026-08-31,1,7,10000,0.7174293584097717,0.0069663126235602335
QR1,2026-08-31,1,8,10000,0.7505299044610305,0.006608364869691441
QR1,2026-08-31,1,9,10000,0.715507250246715,0.0069860530691112565
QR2,2018-01-31,1,0,100,-0.807194879600838,0.05902850382198336
QR2,2018-01-31,1,1,100,0.707512307501734,0.07067010221681963
QR2,2018-01-31,1,2,100,0.8829169739047992,0.04695291441335606
QR2,2018-01-31,1,3,100,-0.8941863889226588,0.04476948758534739
QR2,2018-01-31,1,4,100,0.692227984538326,0.07216788880256986
QR2,2018-01-31,1,5,100,0.9531294431649375,0.030256282747901774
QR2,2018-01-31,1,6,100,0.881437301611832,0.047230105158389615
QR2,2018-01-31,1,7,100,0.6702655021675563,0.07421213893993862
QR2,2018-01-31,1,8,100,0.7113130722661658,0.07028753184052419
QR2,2018-01-31,1,9,100,0.7118767324976445,0.07023044337952586
QR2,2018-01-31,2,0,100,-0.6001874922251328,0.07998593464956863
QR2,2018-01-31,2,1,100,0.6418822673127981,0.07668032048116269
QR2,2018-01-31,2,2,100,0.8123131346305942,0.058322154564677944
QR2,2018-01-31,2,3,100,-0.7054798175051559,0.07087300100129049
QR2,2018-01-31,2,4,100,0.6188015530682861,0.07855473492541855
QR2,2018-01-31,2,5,100,0.8686899932881842,0.04953561300327016
QR2,2018-01-31,2,6,100,0.8133518637142562,0.05817720737475685
QR2,2018-01-31,2,7,100,0.6300372569346099,0.07765649070582012
QR2,2018-01-31,2,8,100,0.6613494721297728,0.07500779130954804
QR2,2018-01-31,2,9,100,0.6606723437559348,0.07506743995874911
QR2,2018-01-31,1,0,1000,-0.807194879600838,0.018666451894942176
QR2,2018-01-31,1,1,1000,0.707512307501734,0.02234784854820646
QR2,2018-01-31,1,2,1000,0.8829169739047992,0.014847815232915378
QR2,2018-01-31,1,3,1000,-0.8941863889226588,0.014157355044832965
QR2,2018-01-31,1,4,1000,0.692227984538326,0.02282149025418824
QR2,2018-01-31,1,5,1000,0.9531294431649375,0.009567876701342773
QR2,2018-01-31,1,6,1000,0.881437301611832,0.014935470642977882
QR2,2018-01-31,1,7,1000,0.6702655021675563,0.023467938908307975
QR2,2018-01-31,1,8,1000,0.7113130722661658,0.02222686917276633
QR2,2018-01-31,1,9,1000,0.7118767324976445,0.02220881621627949
QR2,2018-01-31,2,0,1000,-0.6001874922251328,0.02529377342700188
QR2,2018-01-31,2,1,1000,0.6418822673127981,0.024248446443213258
QR2,2018-01-31,2,2,1000,0.8123131346305942,0.018443084647276835
QR2,2018-01-31,2,3,1000,-0.7054798175051559,0.022412010777547207
QR2,2018-01-31,2,4,1000,0.6188015530682861,0.024841188335509985
QR2,2018-01-31,2,5,1000,0.8686899932881842,0.015664536238298752
QR2,2018-01-31,2,6,1000,0.8133518637142562,0.01839724832121767
QR2,2018-01-31,2,7,1000,0.6300372569346099,0.02455713857260883
QR2,2018-01-31,2,8,1000,0.6613494721297728,0.02371954627967557
QR2,2018-01-31,2,9,1000,0.6606723437559348,0.023738408838758343
QR2,2018-01-31,1,0,10000,-0.807194879600838,0.005902850382198336
QR2,2018-01-31,1,1,10000,0.707512307501734,0.007067010221681964
QR2,2018-01-31,1,2,10000,0.8829169739047992,0.004695291441335606
QR2,2018-01-31,1,3,10000,-0.8941863889226588,0.004476948758534739
QR2,2018-01-31,1,4,10000,0.692227984538326,0.007216788880256986
QR2,2018-01-31,1,5,10000,0.9531294431649375,0.0030256282747901774
QR2,2018-01-31,1,6,10000,0.881437301611832,0.0047230105158389615
QR2,2018-01-31,1,7,10000,0.6702655021675563,0.007421213893993862
QR2,2018-01-31,1,8,10000,0.7113130722661658,0.007028753184052419
QR2,2018-01-31,1,9,10000,0.7118767324976445,0.007023044337952587
QR2,2018-01-31,2,0,10000,-0.6001874922251328,0.007998593464956863
QR2,2018-01-31,2,1,10000,0.6418822673127981,0.007668032048116269
QR2,2018-01-31,2,2,10000,0.8123131346305942,0.005832215456467795
QR2,2018-01-31,2,3,10000,-0.7054798175051559,0.007087300100129049
QR2,2018-01-31,2,4,10000,0.6188015530682861,0.007855473492541854
QR2,2018-01-31,2,5,10000,0.8686899932881842,0.004953561300327016
QR2,2018-01-31,2,6,10000,0.8133518637142562,0.005817720737475685
QR2,2018-01-31,2,7,10000,0.6300372569346099,0.007765649070582012
QR2,2018-01-31,2,8,10000,0.6613494721297728,0.007500779130954804
QR2,2018-01-31,2,9,10000,0.6606723437559348,0.007506743995874911
QR2,2018-10-31,1,0,100,-0.819417236400586,0.057319751629750317
QR2,2018-10-31,1,1,100,0.8082834686085093,0.058879354138288334
QR2,2018-10-31,1,2,100,0.9314033885485308,0.03639886369109822
QR2,2018-10-31,1,3,100,-0.8060244655400647,0.05918822188162551
QR2,2018-10-31,1,4,100,0.6376409321750743,0.0770333720938466
QR2,2018-10-31,1,5,100,0.952991256164489,0.03029977981339626
QR2,2018-10-31,1,6,100,0.7892890509075289,0.06140218189262434
QR2,2018-10-31,1,7,100,0.6904372785830996,0.07233922617382381
QR2,2018-10-31,1,8,100,0.7310469705635197,0.06823271406223708
QR2,2018-10-31,1,9,100,0.7289563533275173,0.06845601762763066
QR2,2018-10-31,2,0,100,-0.6116556366598015,0.07911241256227076
QR2,2018-10-31,2,1,100,0.7406478854942621,0.06718933767443158
QR2,2018-10-31,2,2,100,0.8590761529672392,0.05118477931993156
QR2,2018-10-31,2,3,100,-0.6445640908663507,0.07645502813848383
QR2,2018-10-31,2,4,100,0.5723893270757147,0.08199819865398332
QR2,2018-10-31,2,5,100,0.8688582286600236,0.04950609846168115
QR2,2018-10-31,2,6,100,0.7272837739929455,0.06863368794452028
QR2,2018-10-31,2,7,100,0.6501924406939857,0.07597695637918107
QR2,2018-10-31,2,8,100,0.6816460449462755,0.07316820821976583
QR2,2018-10-31,2,9,100,0.6763994683459941,0.07365349680913033
QR2,2018-10-31,1,0,1000,-0.819417236400586,0.018126097006515948
QR2,2018-10-31,1,1,1000,0.8082834686085093,0.018619286623665184
QR2,2018-10-31,1,2,1000,0.9314033885485308,0.011510331350587384
QR2,2018-10-31,1,3,1000,-0.8060244655400647,0.01871695918013536
QR2,2018-10-31,1,4,1000,0.6376409321750743,0.024360091165980938
QR2,2018-10-31,1,5,1000,0.952991256164489,0.009581631681192382
QR2,2018-10-31,1,6,1000,0.7892890509075289,0.019417074808464135
QR2,2018-10-31,1,7,1000,0.6904372785830996,0.022875671888335072
QR2,2018-10-31,1,8,1000,0.7310469705635197,0.021577078737166914
QR2,2018-10-31,1,9,1000,0.7289563533275173,0.021647693524794922
QR2,2018-10-31,2,0,1000,-0.6116556366598015,0.025017541488769307
QR2,2018-10-31,2,1,1000,0.7406478854942621,0.021247134152936463
QR2,2018-10-31,2,2,1000,0.8590761529672392,0.0161860484184068
QR2,2018-10-31,2,3,1000,-0.6445640908663507,0.024177202748987225
QR2,2018-10-31,2,4,1000,0.5723893270757147,0.02593010717775403
QR2,2018-10-31,2,5,1000,0.8688582286600236,0.015655202920747045
QR2,2018-10-31,2,6,1000,0.7272837739929455,0.021703877812192428
QR2,2018-10-31,2,7,1000,0.6501924406939857,0.024026023184547177
QR2,2018-10-31,2,8,1000,0.6816460449462755,0.023137819028791386
QR2,2018-10-31,2,9,1000,0.6763994683459941,0.023291280755279586
QR2,2018-10-31,1,0,10000,-0.819417236400586,0.005731975162975031
QR2,2018-10-31,1,1,10000,0.8082834686085093,0.005887935413828834
QR2,2018-10-31,1,2,10000,0.9314033885485308,0.003639886369109822
QR2,2018-10-31,1,3,10000,-0.8060244655400647,0.005918822188162551
QR2,2018-10-31,1,4,10000,0.6376409321750743,0.007703337209384661
QR2,2018-10-31,1,5,10000,0.952991256164489,0.003029977981339626
QR2,2018-10-31,1,6,10000,0.7892890509075289,0.006140218189262435
QR2,2018-10-31,1,7,10000,0.6904372785830996,0.007233922617382381
QR2,2018-10-31,1,8,10000,0.7310469705635197,0.006823271406223707
QR2,2018-10-31,1,9,10000,0.7289563533275173,0.006845601762763067
QR2,2018-10-31,2,0,10000,-0.6116556366598015,0.007911241256227075
QR2,2018-10-31,2,1,10000,0.7406478854942621,0.006718933767443158
QR2,2018-10-31,2,2,10000,0.8590761529672392,0.005118477931993156
QR2,2018-10-31,2,3,10000,-0.6445640908663507,0.007645502813848383
QR2,2018-10-31,2,4,10000,0.5723893270757147,0.008199819865398332
QR2,2018-10-31,2,5,10000,0.8688582286600236,0.004950609846168115
QR2,2018-10-31,2,6,10000,0.7272837739929455,0.0068633687944520275
QR2,2018-10-31,2,7,10000,0.6501924406939857,0.007597695637918108
QR2,2018-10-31,2,8,10000,0.6816460449462755,0.007316820821976583
QR2,2018-10-31,2,9,10000,0.6763994683459941,0.007365349680913034
QR2,2019-08-31,1,0,100,-0.6023022490602321,0.07982681258681107
QR2,2019-08-31,1,1,100,0.7087663229000741,0.07054433354442494
QR2,2019-08-31,1,2,100,0.9121524357279667,0.04098511119852396
QR2,2019-08-31,1,3,100,-0.7375735923663622,0.06752667590247421
QR2,2019-08-31,1,4,100,0.6431341860455458,0.07657534973733603
QR2,2019-08-31,1,5,100,0.9588604212984704,0.028387795347176864
QR2,2019-08-31,1,6,100,0.738554568105761,0.06741937035675374
QR2,2019-08-31,1,7,100,0.6761232744424932,0.07367885163038039
QR2,2019-08-31,1,8,100,0.7280084431251164,0.06855681634517052
QR2,2019-08-31,1,9,100,0.7221911620694155,0.06916935198690437
QR2,2019-08-31,2,0,100,-0.5029382982729139,0.086432231726963
QR2,2019-08-31,2,1,100,0.6733992985587636,0.07392789627066111
QR2,2019-08-31,2,2,100,0.8310381690020241,0.05562153914283214
QR2,2019-08-31,2,3,100,-0.6255585554020773,0.07801772194593122
QR2,2019-08-31,2,4,100,0.6053313144524981,0.0795973617491942
QR2,2019-08-31,2,5,100,0.8768744358519087,0.04807194855104111
QR2,2019-08-31,2,6,100,0.6983673554272865,0.07157395035021441
QR2,2019-08-31,2,7,100,0.6430677640724769,0.076580927835253
QR2,2019-08-31,2,8,100,0.6833116450848571,0.07301268353453555
QR2,2019-08-31,2,9,100,0.6746898318318821,0.07381013689342841
QR2,2019-08-31,1,0,1000,-0.6023022490602321,0.025243454612572064
QR2,2019-08-31,1,1,1000,0.7087663229000741,0.02230807700190018
QR2,2019-08-31,1,2,1000,0.9121524357279667,0.012960630154260917
QR2,2019-08-31,1,3,1000,-0.7375735923663622,0.021353809867182466
QR2,2019-08-31,1,4,1000,0.6431341860455458,0.024215251779395833
QR2,2019-08-31,1,5,1000,0.9588604212984704,0.008977009104780926
QR2,2019-08-31,1,6,1000,0.738554568105761,0.02131987687417806
QR2,2019-08-31,1,7,1000,0.6761232744424932,0.02329929865376125
QR2,2019-08-31,1,8,1000,0.7280084431251164,0.021679568878059913
QR2,2019-08-31,1,9,1000,0.7221911620694155,0.021873269655651097
QR2,2019-08-31,2,0,1000,-0.5029382982729139,0.027332271550867173
QR2,2019-08-31,2,1,1000,0.6733992985587636,0.023378053483995687
QR2,2019-08-31,2,2,1000,0.8310381690020241,0.017589075065555917
QR2,2019-08-31,2,3,1000,-0.6255585554020773,0.02467136992068466
QR2,2019-08-31,2,4,1000,0.6053313144524981,0.02517089588678179
QR2,2019-08-31,2,5,1000,0.8768744358519087,0.0152016848983721
QR2,2019-08-31,2,6,1000,0.6983673554272865,0.022633670424248378
QR2,2019-08-31,2,7,1000,0.6430677640724769,0.024217015728838737
QR2,2019-08-31,2,8,1000,0.6833116450848571,0.023088637805020545
QR2,2019-08-31,2,9,1000,0.6746898318318821,0.023340814699205858
QR2,2019-08-31,1,0,10000,-0.6023022490602321,0.007982681258681106
QR2,2019-08-31,1,1,10000,0.7087663229000741,0.007054433354442493
QR2,2019-08-31,1,2,10000,0.9121524357279667,0.004098511119852396
QR2,2019-08-31,1,3,10000,-0.7375735923663622,0.006752667590247422
QR2,2019-08-31,1,4,10000,0.6431341860455458,0.007657534973733604
QR2,2019-08-31,1,5,10000,0.9588604212984704,0.0028387795347176864
QR2,2019-08-31,1,6,10000,0.738554568105761,0.006741937035675374
QR2,2019-08-31,1,7,10000,0.6761232744424932,0.007367885163038039
QR2,2019-08-31,1,8,10000,0.7280084431251164,0.0068556816345170515
QR2,2019-08-31,1,9,10000,0.7221911620694155,0.006916935198690436
QR2,2019-08-31,2,0,10000,-0.5029382982729139,0.008643223172696302
QR2,2019-08-31,2,1,10000,0.6733992985587636,0.00739278962706611
QR2,2019-08-31,2,2,10000,0.8310381690020241,0.0055621539142832145
QR2,2019-08-31,2,3,10000,-0.6255585554020773,0.007801772194593122
QR2,2019-08-31,2,4,10000,0.6053313144524981,0.00795973617491942
QR2,2019-08-31,2,5,10000,0.8768744358519087,0.0048071948551041115
QR2,2019-08-31,2,6,10000,0.6983673554272865,0.00715739503502144
QR2,2019-08-31,2,7,10000,0.6430677640724769,0.0076580927835253
QR2,2019-08-31,2,8,10000,0.6833116450848571,0.007301268353453555
QR2,2019-08-31,2,9,10000,0.6746898318318821,0.007381013689342841
QR2,2020-05-31,1,0,100,0.622210104485175,0.07828502959548174
QR2,2020-05-31,1,1,100,-0.8749337313359511,0.048424267239737084
QR2,2020-05-31,1,2,100,-0.9430545674966372,0.03326380656565455
QR2,2020-05-31,1,3,100,-0.15671677125780017,0.09876435863237952
QR2,2020-05-31,1,4,100,0.6983569225657086,0.07157496829929795
QR2,2020-05-31,1,5,100,0.9580352098683704,0.028665054797168108
QR2,2020-05-31,1,6,100,0.11027671390797884,0.09939009238197012
QR2,2020-05-31,1,7,100,0.6689626106740298,0.07432960550952655
QR2,2020-05-31,1,8,100,0.7271281037412527,0.0686501799523969
QR2,2020-05-31,1,9,100,0.7382276030546002,0.06745517074978444
QR2,2020-05-31,2,0,100,0.5134222323899184,0.08581361263154863
QR2,2020-05-31,2,1,100,-0.7386221191111743,0.06741196964632573
QR2,2020-05-31,2,2,100,-0.8062242878256068,0.05916100047498257
QR2,2020-05-31,2,3,100,-0.18058508559381226,0.0983559366210841
QR2,2020-05-31,2,4,100,0.6504978720692353,0.07595080766084009
QR2,2020-05-31,2,5,100,0.877464000851948,0.04796424993772845
QR2,2020-05-31,2,6,100,0.11849430239665366,0.09929547322509351
QR2,2020-05-31,2,7,100,0.6185651956159752,0.07857334782052793
QR2,2020-05-31,2,8,100,0.6828974640964097,0.07305142391019416
QR2,2020-05-31,2,9,100,0.6952717733584796,0.07187469381993573
QR2,2020-05-31,1,0,1000,0.622210104485175,0.024755900021541235
QR2,2020-05-31,1,1,1000,-0.8749337313359511,0.015313097850224408
QR2,2020-05-31,1,2,1000,-0.9430545674966372,0.010518939239473165
QR2,2020-05-31,1,3,1000,-0.15671677125780017,0.03123203249240318
QR2,2020-05-31,1,4,1000,0.6983569225657086,0.02263399232801298
QR2,2020-05-31,1,5,1000,0.9580352098683704,0.009064686241258715
QR2,2020-05-31,1,6,1000,0.11027671390797884,0.031429906878157554
QR2,2020-05-31,1,7,1000,0.6689626106740298,0.02350508509919043
QR2,2020-05-31,1,8,1000,0.7271281037412527,0.021709093043000387
QR2,2020-05-31,1,9,1000,0.7382276030546002,0.02133119795248868
QR2,2020-05-31,2,0,1000,0.5134222323899184,0.02713664701630893
QR2,2020-05-31,2,1,1000,-0.7386221191111743,0.021317536564052473
QR2,2020-05-31,2,2,1000,-0.8062242878256068,0.018708351015524826
QR2,2020-05-31,2,3,1000,-0.18058508559381226,0.031102878112179124
QR2,2020-05-31,2,4,1000,0.6504978720692353,0.024017754233762
QR2,2020-05-31,2,5,1000,0.877464000851948,0.015167627606481127
QR2,2020-05-31,2,6,1000,0.11849430239665366,0.03139998567355606
QR2,2020-05-31,2,7,1000,0.6185651956159752,0.024847074249749527
QR2,2020-05-31,2,8,1000,0.6828974640964097,0.02310088858746972
QR2,2020-05-31,2,9,1000,0.6952717733584796,0.022728773859822502
QR2,2020-05-31,1,0,10000,0.622210104485175,0.007828502959548175
QR2,2020-05-31,1,1,10000,-0.8749337313359511,0.004842426723973708
QR2,2020-05-31,1,2,10000,-0.9430545674966372,0.003326380656565455
QR2,2020-05-31,1,3,10000,-0.15671677125780017,0.009876435863237953
QR2,2020-05-31,1,4,10000,0.6983569225657086,0.007157496829929794
QR2,2020-05-31,1,5,10000,0.9580352098683704,0.002866505479716811
QR2,2020-05-31,1,6,10000,0.11027671390797884,0.009939009238197013
QR2,2020-05-31,1,7,10000,0.6689626106740298,0.007432960550952655
QR2,2020-05-31,1,8,10000,0.7271281037412527,0.00686501799523969
QR2,2020-05-31,1,9,10000,0.7382276030546002,0.006745517074978443
QR2,2020-05-31,2,0,10000,0.5134222323899184,0.008581361263154863
QR2,2020-05-31,2,1,10000,-0.7386221191111743,0.006741196964632573
QR2,2020-05-31,2,2,10000,-0.8062242878256068,0.005916100047498257
QR2,2020-05-31,2,3,10000,-0.18058508559381226,0.00983559366210841
QR2,2020-05-31,2,4,10000,0.6504978720692353,0.007595080766084009
QR2,2020-05-31,2,5,10000,0.877464000851948,0.004796424993772845
QR2,2020-05-31,2,6,10000,0.11849430239665366,0.009929547322509351
QR2,2020-05-31,2,7,10000,0.6185651956159752,0.007857334782052793
QR2,2020-05-31,2,8,10000,0.6828974640964097,0.007305142391019416
QR2,2020-05-31,2,9,10000,0.6952717733584796,0.007187469381993573
QR2,2021-02-28,1,0,100,-0.06698157437901958,0.09977542125662557
QR2,2021-02-28,1,1,100,0.783102510592278,0.06218926417831877
QR2,2021-02-28,1,2,100,0.9560482811888801,0.029320928367940407
QR2,2021-02-28,1,3,100,-0.521909242770707,0.0853001021283391
QR2,2021-02-28,1,4,100,0.8271484915127334,0.056198342768111115
QR2,2021-02-28,1,5,100,0.9536273464593032,0.030098984050128532
QR2,2021-02-28,1,6,100,0.8176217630393072,0.0575755723032343
QR2,2021-02-28,1,7,100,0.6965841221187556,0.07174751290546898
QR2,2021-02-28,1,8,100,0.7465687359021893,0.06653082913758164
QR2,2021-02-28,1,9,100,0.7422201544174702,0.06701561328351086
QR2,2021-02-28,2,0,100,0.018157130163015074,0.09998351457236548
QR2,2021-02-28,2,1,100,0.6820654929779435,0.07312910934017683
QR2,2021-02-28,2,2,100,0.8827275669337684,0.04698851376402409
QR2,2021-02-28,2,3,100,-0.36496985157530876,0.09310193378448677
QR2,2021-02-28,2,4,100,0.7222172847148662,0.06916662444120608
QR2,2021-02-28,2,5,100,0.8668528955879053,0.04985639953013683
QR2,2021-02-28,2,6,100,0.7256786165617739,0.0688033825814537
QR2,2021-02-28,2,7,100,0.6753647353593468,0.07374838806597729
QR2,2021-02-28,2,8,100,0.7107908825090326,0.07034033845113552
QR2,2021-02-28,2,9,100,0.7093584692323323,0.07048478999957092
QR2,2021-02-28,1,0,1000,-0.06698157437901958,0.03155175856737163
QR2,2021-02-28,1,1,1000,0.783102510592278,0.01966597208134071
QR2,2021-02-28,1,2,1000,0.9560482811888801,0.009272091675333525
QR2,2021-02-28,1,3,1000,-0.521909242770707,0.0269742607370528
QR2,2021-02-28,1,4,1000,0.8271484915127334,0.017771476387408298
QR2,2021-02-28,1,5,1000,0.9536273464593032,0.009518134485548582
QR2,2021-02-28,1,6,1000,0.8176217630393072,0.01820699460659271
QR2,2021-02-28,1,7,1000,0.6965841221187556,0.0226885557233607
QR2,2021-02-28,1,8,1000,0.7465687359021893,0.02103889546942539
QR2,2021-02-28,1,9,1000,0.7422201544174702,0.021192197676892968
QR2,2021-02-28,2,0,1000,0.018157130163015074,0.0316175634517311
QR2,2021-02-28,2,1,1000,0.6820654929779435,0.023125454877445193
QR2,2021-02-28,2,2,1000,0.8827275669337684,0.014859072736048778
QR2,2021-02-28,2,3,1000,-0.36496985157530876,0.02944141653251582
QR2,2021-02-28,2,4,1000,0.7222172847148662,0.02187240712996822
QR2,2021-02-28,2,5,1000,0.8668528955879053,0.015765977845058097
QR2,2021-02-28,2,6,1000,0.7256786165617739,0.021757539968134926
QR2,2021-02-28,2,7,1000,0.6753647353593468,0.02332128800544683
QR2,2021-02-28,2,8,1000,0.7107908825090326,0.02224356808927087
QR2,2021-02-28,2,9,1000,0.7093584692323323,0.02228924767973027
QR2,2021-02-28,1,0,10000,-0.06698157437901958,0.009977542125662557
QR2,2021-02-28,1,1,10000,0.783102510592278,0.006218926417831877
QR2,2021-02-28,1,2,10000,0.9560482811888801,0.002932092836794041
QR2,2021-02-28,1,3,10000,-0.521909242770707,0.008530010212833911
QR2,2021-02-28,1,4,10000,0.8271484915127334,0.005619834276811111
QR2,2021-02-28,1,5,10000,0.9536273464593032,0.003009898405012853
QR2,2021-02-28,1,6,10000,0.8176217630393072,0.0057575572303234296
QR2,2021-02-28,1,7,10000,0.6965841221187556,0.007174751290546897
QR2,2021-02-28,1,8,10000,0.7465687359021893,0.006653082913758164
QR2,2021-02-28,1,9,10000,0.7422201544174702,0.006701561328351087
QR2,2021-02-28,2,0,10000,0.018157130163015074,0.009998351457236548
QR2,2021-02-28,2,1,10000,0.6820654929779435,0.007312910934017682
QR2,2021-02-28,2,2,10000,0.8827275669337684,0.004698851376402409
QR2,2021-02-28,2,3,10000,-0.36496985157530876,0.009310193378448677
QR2,2021-02-28,2,4,10000,0.7222172847148662,0.006916662444120608
QR2,2021-02-28,2,5,10000,0.8668528955879053,0.004985639953013683
QR2,2021-02-28,2,6,10000,0.7256786165617739,0.00688033825814537
QR2,2021-02-28,2,7,10000,0.6753647353593468,0.0073748388065977295
QR2,2021-02-28,2,8,10000,0.7107908825090326,0.007034033845113552
QR2,2021-02-28,2,9,10000,0.7093584692323323,0.0070484789999570915
QR2,2021-12-31,1,0,100,-0.2642026162906541,0.09644671987917337
QR2,2021-12-31,1,1,100,0.893350867125707,0.04493597981637294
QR2,2021-12-31,1,2,100,0.7087850588318833,0.07054245107569512
QR2,2021-12-31,1,3,100,-0.6749149971898519,0.0737895484854205
QR2,2021-12-31,1,4,100,0.6462579087305677,0.07631190702657047
QR2,2021-12-31,1,5,100,0.9514141772141248,0.030791405196250808
QR2,2021-12-31,1,6,100,0.8708178480500789,0.04916058131444643
QR2,2021-12-31,1,7,100,0.6891034898719136,0.07246629425093777
QR2,2021-12-31,1,8,100,0.7368756461557092,0.06760283145716652
QR2,2021-12-31,1,9,100,0.7350081955433937,0.06780582220458982
QR2,2021-12-31,2,0,100,-0.16022589882462973,0.09870803722827426
QR2,2021-12-31,2,1,100,0.8067209621966993,0.05909325588867395
QR2,2021-12-31,2,2,100,0.6734917740627238,0.07391947174255531
QR2,2021-12-31,2,3,100,-0.5097434694793641,0.08603264469508878
QR2,2021-12-31,2,4,100,0.5507334124985732,0.08346812016319012
QR2,2021-12-31,2,5,100,0.8635544671078409,0.0504255572441288
QR2,2021-12-31,2,6,100,0.7877764252382223,0.06159612843668713
QR2,2021-12-31,2,7,100,0.6583254667580644,0.07527334055412813
QR2,2021-12-31,2,8,100,0.6965169745138399,0.07175403153928601
QR2,2021-12-31,2,9,100,0.6929451886423982,0.07209902672972426
QR2,2021-12-31,1,0,1000,-0.2642026162906541,0.030499130767042748
QR2,2021-12-31,1,1,1000,0.893350867125707,0.014210004511109334
QR2,2021-12-31,1,2,1000,0.7087850588318833,0.022307481713019155
QR2,2021-12-31,1,3,1000,-0.6749149971898519,0.023334304072935675
QR2,2021-12-31,1,4,1000,0.6462579087305677,0.024131943879497016
QR2,2021-12-31,1,5,1000,0.9514141772141248,0.009737097277729648
QR2,2021-12-31,1,6,1000,0.8708178480500789,0.015545940805156502
QR2,2021-12-31,1,7,1000,0.6891034898719136,0.022915854342492877
QR2,2021-12-31,1,8,1000,0.7368756461557092,0.02137789236811258
QR2,2021-12-31,1,9,1000,0.7350081955433937,0.021442083678692343
QR2,2021-12-31,2,0,1000,-0.16022589882462973,0.03121422210060404
QR2,2021-12-31,2,1,1000,0.8067209621966993,0.018686928296336718
QR2,2021-12-31,2,2,1000,0.6734917740627238,0.023375389414293044
QR2,2021-12-31,2,3,1000,-0.5097434694793641,0.02720591103644829
QR2,2021-12-31,2,4,1000,0.5507334124985732,0.0263949371728306
QR2,2021-12-31,2,5,1000,0.8635544671078409,0.01594596131746503
QR2,2021-12-31,2,6,1000,0.7877764252382223,0.019478406090819793
QR2,2021-12-31,2,7,1000,0.6583254667580644,0.023803520324056585
QR2,2021-12-31,2,8,1000,0.6965169745138399,0.022690617096370144
QR2,2021-12-31,2,9,1000,0.6929451886423982,0.02279971415472899
QR2,2021-12-31,1,0,10000,-0.2642026162906541,0.009644671987917337
QR2,2021-12-31,1,1,10000,0.893350867125707,0.004493597981637294
QR2,2021-12-31,1,2,10000,0.7087850588318833,0.007054245107569512
QR2,2021-12-31,1,3,10000,-0.6749149971898519,0.00737895484854205
QR2,2021-12-31,1,4,10000,0.6462579087305677,0.007631190702657047
QR2,2021-12-31,1,5,10000,0.9514141772141248,0.003079140519625081
QR2,2021-12-31,1,6,10000,0.8708178480500789,0.004916058131444643
QR2,2021-12-31,1,7,10000,0.6891034898719136,0.007246629425093777
QR2,2021-12-31,1,8,10000,0.7368756461557092,0.006760283145716651
QR2,2021-12-31,1,9,10000,0.7350081955433937,0.006780582220458982
QR2,2021-12-31,2,0,10000,-0.16022589882462973,0.009870803722827426
QR2,2021-12-31,2,1,10000,0.8067209621966993,0.005909325588867395
QR2,2021-12-31,2,2,10000,0.6734917740627238,0.007391947174255531
QR2,2021-12-31,2,3,10000,-0.5097434694793641,0.008603264469508879
QR2,2021-12-31,2,4,10000,0.5507334124985732,0.008346812016319012
QR2,2021-12-31,2,5,10000,0.8635544671078409,0.005042555724412881
QR2,2021-12-31,2,6,10000,0.7877764252382223,0.006159612843668713
QR2,2021-12-31,2,7,10000,0.6583254667580644,0.0075273340554128125
QR2,2021-12-31,2,8,10000,0.6965169745138399,0.0071754031539286
QR2,2021-12-31,2,9,10000,0.6929451886423982,0.007209902672972427
QR2,2022-09-30,1,0,100,0.08184809709412064,0.09966448158707646
QR2,2022-09-30,1,1,100,0.9585968865152883,0.02847665871607734
QR2,2022-09-30,1,2,100,0.9481035369920856,0.03179617636494926
QR2,2022-09-30,1,3,100,-0.25515394432728605,0.09669004419764358
QR2,2022-09-30,1,4,100,0.6112726358311753,0.07914200936822405
QR2,2022-09-30,1,5,100,0.9623042248876181,0.027197532749026955
QR2,2022-09-30,1,6,100,0.6550194773472673,0.07556119932185511
QR2,2022-09-30,1,7,100,0.7080560030890586,0.07061562833321997
QR2,2022-09-30,1,8,100,0.7634106793078854,0.06459134111617995
QR2,2022-09-30,1,9,100,0.7529871327129092,0.06580352406739252
QR2,2022-09-30,2,0,100,0.03497189477134113,0.0999388296197279
QR2,2022-09-30,2,1,100,0.8796284898123182,0.04756613500280409
QR2,2022-09-30,2,2,100,0.8768075341429168,0.04808414999458927
QR2,2022-09-30,2,3,100,-0.24718037244195565,0.09689694853190446
QR2,2022-09-30,2,4,100,0.5663574728403141,0.08241597011246855
QR2,2022-09-30,2,5,100,0.8784370910686484,0.04778580092818882
QR2,2022-09-30,2,6,100,0.6140995350280382,0.07892285860752546
QR2,2022-09-30,2,7,100,0.6879683863549936,0.07257406557277223
QR2,2022-09-30,2,8,100,0.7299444681445569,0.0683506454559983
QR2,2022-09-30,2,9,100,0.7215884963019207,0.06923222096717187
QR2,2022-09-30,1,0,1000,0.08184809709412064,0.03151667636350747
QR2,2022-09-30,1,1,1000,0.9585968865152883,0.009005110169409055
QR2,2022-09-30,1,2,1000,0.9481035369920856,0.010054833819765288
QR2,2022-09-30,1,3,1000,-0.25515394432728605,0.030576076672690154
QR2,2022-09-30,1,4,1000,0.6112726358311753,0.02502690082059715
QR2,2022-09-30,1,5,1000,0.9623042248876181,0.008600615022394583
QR2,2022-09-30,1,6,1000,0.6550194773472673,0.02389454925910325
QR2,2022-09-30,1,7,1000,0.7080560030890586,0.022330622393689478
QR2,2022-09-30,1,8,1000,0.7634106793078854,0.020425575505201115
QR2,2022-09-30,1,9,1000,0.7529871327129092,0.020808901411866764
QR2,2022-09-30,2,0,1000,0.03497189477134113,0.03160343282898395
QR2,2022-09-30,2,1,1000,0.8796284898123182,0.015041732609992057
QR2,2022-09-30,2,2,1000,0.8768075341429168,0.015205543333607515
QR2,2022-09-30,2,3,1000,-0.24718037244195565,0.030641505568092673
QR2,2022-09-30,2,4,1000,0.5663574728403141,0.026062218112776415
QR2,2022-09-30,2,5,1000,0.8784370910686484,0.015111197074846492
QR2,2022-09-30,2,6,1000,0.6140995350280382,0.024957599265120544
QR2,2022-09-30,2,7,1000,0.6879683863549936,0.02294993462683727
QR2,2022-09-30,2,8,1000,0.7299444681445569,0.021614371918359274
QR2,2022-09-30,2,9,1000,0.7215884963019207,0.021893150572832847
QR2,2022-09-30,1,0,10000,0.08184809709412064,0.009966448158707645
QR2,2022-09-30,1,1,10000,0.9585968865152883,0.002847665871607734
QR2,2022-09-30,1,2,10000,0.9481035369920856,0.0031796176364949262
QR2,2022-09-30,1,3,10000,-0.25515394432728605,0.009669004419764359
QR2,2022-09-30,1,4,10000,0.6112726358311753,0.007914200936822404
QR2,2022-09-30,1,5,10000,0.9623042248876181,0.0027197532749026958
QR2,2022-09-30,1,6,10000,0.6550194773472673,0.00755611993218551
QR2,2022-09-30,1,7,10000,0.7080560030890586,0.007061562833321997
QR2,2022-09-30,1,8,10000,0.7634106793078854,0.006459134111617994
QR2,2022-09-30,1,9,10000,0.7529871327129092,0.006580352406739252
QR2,2022-09-30,2,0,10000,0.03497189477134113,0.00999388296197279
QR2,2022-09-30,2,1,10000,0.8796284898123182,0.00475661350028041
QR2,2022-09-30,2,2,10000,0.8768075341429168,0.0048084149994589275
QR2,2022-09-30,2,3,10000,-0.24718037244195565,0.009689694853190446
QR2,2022-09-30,2,4,10000,0.5663574728403141,0.008241597011246856
QR2,2022-09-30,2,5,10000,0.8784370910686484,0.004778580092818882
QR2,2022-09-30,2,6,10000,0.6140995350280382,0.007892285860752545
QR2,2022-09-30,2,7,10000,0.6879683863549936,0.007257406557277224
QR2,2022-09-30,2,8,10000,0.7299444681445569,0.006835064545599829
QR2,2022-09-30,2,9,10000,0.7215884963019207,0.006923222096717186
QR2,2023-07-31,1,0,100,-0.38901874356400273,0.09212298394840905
QR2,2023-07-31,1,1,100,-0.021529122863822428,0.0999768221573737
QR2,2023-07-31,1,2,100,0.9499087155900328,0.031252749006462265
QR2,2023-07-31,1,3,100,-0.6082413763989855,0.07937521200200137
QR2,2023-07-31,1,4,100,0.692478689427809,0.07214383304817831
QR2,2023-07-31,1,5,100,0.9614925009924651,0.027483116732869486
QR2,2023-07-31,1,6,100,0.6665113317915793,0.07454948991062339
QR2,2023-07-31,1,7,100,0.7140597026555708,0.07000848098933703
QR2,2023-07-31,1,8,100,0.7551613448128565,0.06555389716107173
QR2,2023-07-31,1,9,100,0.7546134239934272,0.0656169627709874
QR2,2023-07-31,2,0,100,-0.34022283940210063,0.09403448407627757
QR2,2023-07-31,2,1,100,0.008114011988257095,0.09999670808628913
QR2,2023-07-31,2,2,100,0.8798101421969472,0.04753252714588035
QR2,2023-07-31,2,3,100,-0.5222025179818243,0.0852821511345393
QR2,2023-07-31,2,4,100,0.6435999266604056,0.07653620936541856
QR2,2023-07-31,2,5,100,0.8837193968900834,0.04680171231485285
QR2,2023-07-31,2,6,100,0.6278242974604343,0.07783550934620456
QR2,2023-07-31,2,7,100,0.673079168015928,0.07395704385540187
QR2,2023-07-31,2,8,100,0.7129637253303163,0.07012009172577537
QR2,2023-07-31,2,9,100,0.7058395343183235,0.07083717610077987
QR2,2023-07-31,1,0,1000,-0.38901874356400273,0.029131845412810414
QR2,2023-07-31,1,1,1000,-0.021529122863822428,0.031615447124288994
QR2,2023-07-31,1,2,1000,0.9499087155900328,0.009882987000198512
QR2,2023-07-31,1,3,1000,-0.6082413763989855,0.025100645968505794
QR2,2023-07-31,1,4,1000,0.692478689427809,0.022813883156717153
QR2,2023-07-31,1,5,1000,0.9614925009924651,0.008690924607615296
QR2,2023-07-31,1,6,1000,0.6665113317915793,0.023574618652131233
QR2,2023-07-31,1,7,1000,0.7140597026555708,0.022138625545490315
QR2,2023-07-31,1,8,1000,0.7551613448128565,0.020729962452943246
QR2,2023-07-31,1,9,1000,0.7546134239934272,0.020749905549879367
QR2,2023-07-31,2,0,1000,-0.34022283940210063,0.02973631482798718
QR2,2023-07-31,2,1,1000,0.008114011988257095,0.03162173560716509
QR2,2023-07-31,2,2,1000,0.8798101421969472,0.015031104872476449
QR2,2023-07-31,2,3,1000,-0.5222025179818243,0.0269685841343857
QR2,2023-07-31,2,4,1000,0.6435999266604056,0.0242028745070233
QR2,2023-07-31,2,5,1000,0.8837193968900834,0.01480000093108865
QR2,2023-07-31,2,6,1000,0.6278242974604343,0.02461374923733298
QR2,2023-07-31,2,7,1000,0.673079168015928,0.02338727075960305
QR2,2023-07-31,2,8,1000,0.7129637253303163,0.022173919959337707
QR2,2023-07-31,2,9,1000,0.7058395343183235,0.02240068194929096
QR2,2023-07-31,1,0,10000,-0.38901874356400273,0.009212298394840905
QR2,2023-07-31,1,1,10000,-0.021529122863822428,0.009997682215737371
QR2,2023-07-31,1,2,10000,0.9499087155900328,0.0031252749006462264
QR2,2023-07-31,1,3,10000,-0.6082413763989855,0.007937521200200137
QR2,2023-07-31,1,4,10000,0.692478689427809,0.007214383304817831
QR2,2023-07-31,1,5,10000,0.9614925009924651,0.0027483116732869486
QR2,2023-07-31,1,6,10000,0.6665113317915793,0.007454948991062339
QR2,2023-07-31,1,7,10000,0.7140597026555708,0.007000848098933702
QR2,2023-07-31,1,8,10000,0.7551613448128565,0.006555389716107173
QR2,2023-07-31,1,9,10000,0.7546134239934272,0.0065616962770987395
QR2,2023-07-31,2,0,10000,-0.34022283940210063,0.009403448407627758
QR2,2023-07-31,2,1,10000,0.008114011988257095,0.009999670808628913
QR2,2023-07-31,2,2,10000,0.8798101421969472,0.004753252714588035
QR2,2023-07-31,2,3,10000,-0.5222025179818243,0.008528215113453929
QR2,2023-07-31,2,4,10000,0.6435999266604056,0.007653620936541855
QR2,2023-07-31,2,5,10000,0.8837193968900834,0.004680171231485285
QR2,2023-07-31,2,6,10000,0.6278242974604343,0.007783550934620457
QR2,2023-07-31,2,7,10000,0.673079168015928,0.007395704385540189
QR2,2023-07-31,2,8,10000,0.7129637253303163,0.007012009172577536
QR2,2023-07-31,2,9,10000,0.7058395343183235,0.007083717610077987
QR2,2024-04-30,1,0,100,-0.4813467077652591,0.08765302886515358
QR2,2024-04-30,1,1,100,0.4777032946029106,0.08785212361266649
QR2,2024-04-30,1,2,100,0.9424313917959034,0.033439956901532474
QR2,2024-04-30,1,3,100,-0.6876971345877522,0.07259976935774615
QR2,2024-04-30,1,4,100,0.7365092485671773,0.06764274734034761
QR2,2024-04-30,1,5,100,0.9563668563411863,0.029216850633166327
QR2,2024-04-30,1,6,100,0.8603860651239758,0.050964283467981805
QR2,2024-04-30,1,7,100,0.6938208428593083,0.07201476501482161
QR2,2024-04-30,1,8,100,0.7402297536050154,0.06723540078543867
QR2,2024-04-30,1,9,100,0.7419169308717656,0.06704918103048078
QR2,2024-04-30,2,0,100,-0.3470020334783832,0.09378643765288597
QR2,2024-04-30,2,1,100,0.40886140067848825,0.09125964908080812
QR2,2024-04-30,2,2,100,0.875181507027762,0.048379471861174236
QR2,2024-04-30,2,3,100,-0.5306089550790023,0.08476167393285534
QR2,2024-04-30,2,4,100,0.650222925038576,0.07597434749665692
QR2,2024-04-30,2,5,100,0.8733593946328073,0.048707634699974495
QR2,2024-04-30,2,6,100,0.785454423992723,0.06189195002827583
QR2,2024-04-30,2,7,100,0.6603652275926499,0.07509445826334372
QR2,2024-04-30,2,8,100,0.6978362725556504,0.07162573117990738
QR2,2024-04-30,2,9,100,0.6959726189113171,0.07180683210709982
QR2,2024-04-30,1,0,1000,-0.4813467077652591,0.02771832150263693
QR2,2024-04-30,1,1,1000,0.4777032946029106,0.027781280789868624
QR2,2024-04-30,1,2,1000,0.9424313917959034,0.010574642866670958
QR2,2024-04-30,1,3,1000,-0.6876971345877522,0.02295806287733775
QR2,2024-04-30,1,4,1000,0.7365092485671773,0.021390514878679535
QR2,2024-04-30,1,5,1000,0.9563668563411863,0.009239179405773824
QR2,2024-04-30,1,6,1000,0.8603860651239758,0.01611632150772875
QR2,2024-04-30,1,7,1000,0.6938208428593083,0.022773068260864577
QR2,2024-04-30,1,8,1000,0.7402297536050154,0.021261700587626022
QR2,2024-04-30,1,9,1000,0.7419169308717656,0.021202812730527484
QR2,2024-04-30,2,0,1000,-0.3470020334783832,0.029657875661649583
QR2,2024-04-30,2,1,1000,0.40886140067848825,0.02885883495630453
QR2,2024-04-30,2,2,1000,0.875181507027762,0.015298932307733602
QR2,2024-04-30,2,3,1000,-0.5306089550790023,0.02680399479163449
QR2,2024-04-30,2,4,1000,0.650222925038576,0.02402519818345476
QR2,2024-04-30,2,5,1000,0.8733593946328073,0.01540270650913715
QR2,2024-04-30,2,6,1000,0.785454423992723,0.019571953091867433
QR2,2024-04-30,2,7,1000,0.6603652275926499,0.02374695277686186
QR2,2024-04-30,2,8,1000,0.6978362725556504,0.022650044960344683
QR2,2024-04-30,2,9,1000,0.6959726189113171,0.022707314101974324
QR2,2024-04-30,1,0,10000,-0.4813467077652591,0.008765302886515359
QR2,2024-04-30,1,1,10000,0.4777032946029106,0.008785212361266649
QR2,2024-04-30,1,2,10000,0.9424313917959034,0.0033439956901532477
QR2,2024-04-30,1,3,10000,-0.6876971345877522,0.0072599769357746145
QR2,2024-04-30,1,4,10000,0.7365092485671773,0.006764274734034762
QR2,2024-04-30,1,5,10000,0.9563668563411863,0.0029216850633166326
QR2,2024-04-30,1,6,10000,0.8603860651239758,0.0050964283467981805
QR2,2024-04-30,1,7,10000,0.6938208428593083,0.007201476501482161
QR2,2024-04-30,1,8,10000,0.7402297536050154,0.006723540078543868
QR2,2024-04-30,1,9,10000,0.7419169308717656,0.006704918103048078
QR2,2024-04-30,2,0,10000,-0.3470020334783832,0.009378643765288595
QR2,2024-04-30,2,1,10000,0.40886140067848825,0.009125964908080812
QR2,2024-04-30,2,2,10000,0.875181507027762,0.004837947186117423
QR2,2024-04-30,2,3,10000,-0.5306089550790023,0.008476167393285534
QR2,2024-04-30,2,4,10000,0.650222925038576,0.007597434749665692
QR2,2024-04-30,2,5,10000,0.8733593946328073,0.004870763469997449
QR2,2024-04-30,2,6,10000,0.785454423992723,0.0061891950028275826
QR2,2024-04-30,2,7,10000,0.6603652275926499,0.0075094458263343725
QR2,2024-04-30,2,8,10000,0.6978362725556504,0.007162573117990738
QR2,2024-04-30,2,9,10000,0.6959726189113171,0.007180683210709982
QR2,2025-01-31,1,0,100,-0.1486400577406591,0.09888913657398643
QR2,2025-01-31,1,1,100,0.9495369231378504,0.031365527509975726
QR2,2025-01-31,1,2,100,0.9517060593750325,0.03070107108047658
QR2,2025-01-31,1,3,100,-0.6132325978879961,0.07899023869362212
QR2,2025-01-31,1,4,100,0.7264822001198771,0.06871852828087803
QR2,2025-01-31,1,5,100,0.9510069930550342,0.0309169369699559
QR2,2025-01-31,1,6,100,0.8906446122880471,0.0454700093030862
QR2,2025-01-31,1,7,100,0.6950242323558657,0.07189863117181995
QR2,2025-01-31,1,8,100,0.7433086436804959,0.06689486230121579
QR2,2025-01-31,1,9,100,0.7380212825217309,0.06747774348220159
QR2,2025-01-31,2,0,100,-0.0558740877112436,0.09984378229626699
QR2,2025-01-31,2,1,100,0.8666071682852521,0.049899099779115906
QR2,2025-01-31,2,2,100,0.8797117585411396,0.04755073310522725
QR2,2025-01-31,2,3,100,-0.4488304598229591,0.08936169304210338
QR2,2025-01-31,2,4,100,0.6223936367941523,0.07827043892033239
QR2,2025-01-31,2,5,100,0.8622024278367715,0.050656388879624696
QR2,2025-01-31,2,6,100,0.8059168761050133,0.059202870606849485
QR2,2025-01-31,2,7,100,0.6714005032127122,0.07410947066912005
QR2,2025-01-31,2,8,100,0.7077932974155641,0.07064195977842082
QR2,2025-01-31,2,9,100,0.7029826482308423,0.07112069996044411
QR2,2025-01-31,1,0,1000,-0.1486400577406591,0.03127149074212571
QR2,2025-01-31,1,1,1000,0.9495369231378504,0.009918650694419297
QR2,2025-01-31,1,2,1000,0.9517060593750325,0.009708531122103257
QR2,2025-01-31,1,3,1000,-0.6132325978879961,0.024978906719220914
QR2,2025-01-31,1,4,1000,0.7264822001198771,0.021730706682226958
QR2,2025-01-31,1,5,1000,0.9510069930550342,0.00977679391009254
QR2,2025-01-31,1,6,1000,0.8906446122880471,0.014378879462679788
QR2,2025-01-31,1,7,1000,0.6950242323558657,0.022736343515133213
QR2,2025-01-31,1,8,1000,0.7433086436804959,0.02115401286351746
QR2,2025-01-31,1,9,1000,0.7380212825217309,0.021338336077233854
QR2,2025-01-31,2,0,1000,-0.0558740877112436,0.03157337622622002
QR2,2025-01-31,2,1,1000,0.8666071682852521,0.015779480849401114
QR2,2025-01-31,2,2,1000,0.8797117585411396,0.01503686210232891
QR2,2025-01-31,2,3,1000,-0.4488304598229591,0.028258648558186765
QR2,2025-01-31,2,4,1000,0.6223936367941523,0.024751286044934078
QR2,2025-01-31,2,5,1000,0.8622024278367715,0.01601895668988391
QR2,2025-01-31,2,6,1000,0.8059168761050133,0.01872159151378793
QR2,2025-01-31,2,7,1000,0.6714005032127122,0.02343547235038621
QR2,2025-01-31,2,8,1000,0.7077932974155641,0.022338949127781334
QR2,2025-01-31,2,9,1000,0.7029826482308423,0.022490340066045056
QR2,2025-01-31,1,0,10000,-0.1486400577406591,0.009888913657398642
QR2,2025-01-31,1,1,10000,0.9495369231378504,0.0031365527509975726
QR2,2025-01-31,1,2,10000,0.9517060593750325,0.003070107108047658
QR2,2025-01-31,1,3,10000,-0.6132325978879961,0.007899023869362212
QR2,2025-01-31,1,4,10000,0.7264822001198771,0.006871852828087803
QR2,2025-01-31,1,5,10000,0.9510069930550342,0.00309169369699559
QR2,2025-01-31,1,6,10000,0.8906446122880471,0.004547000930308621
QR2,2025-01-31,1,7,10000,0.6950242323558657,0.007189863117181995
QR2,2025-01-31,1,8,10000,0.7433086436804959,0.006689486230121579
QR2,2025-01-31,1,9,10000,0.7380212825217309,0.006747774348220158
QR2,2025-01-31,2,0,10000,-0.0558740877112436,0.0099843782296267
QR2,2025-01-31,2,1,10000,0.8666071682852521,0.00498990997791159
QR2,2025-01-31,2,2,10000,0.8797117585411396,0.004755073310522724
QR2,2025-01-31,2,3,10000,-0.4488304598229591,0.008936169304210338
QR2,2025-01-31,2,4,10000,0.6223936367941523,0.00782704389203324
QR2,2025-01-31,2,5,10000,0.8622024278367715,0.00506563888796247
QR2,2025-01-31,2,6,10000,0.8059168761050133,0.005920287060684948
QR2,2025-01-31,2,7,10000,0.6714005032127122,0.007410947066912006
QR2,2025-01-31,2,8,10000,0.7077932974155641,0.007064195977842082
QR2,2025-01-31,2,9,10000,0.7029826482308423,0.0071120699960444105
QR2,2025-11-30,1,0,100,-0.1815448927154867,0.0983382657935822
QR2,2025-11-30,1,1,100,0.5532133583043982,0.08330396030163086
QR2,2025-11-30,1,2,100,-0.19475859988654823,0.09808512057240032
QR2,2025-11-30,1,3,100,-0.772444725128176,0.06350819999194246
QR2,2025-11-30,1,4,100,0.7268272032471828,0.06868203670683316
QR2,2025-11-30,1,5,100,0.9499937648289577,0.0312268869383585
QR2,2025-11-30,1,6,100,0.8934085002198816,0.04492452022391126
QR2,2025-11-30,1,7,100,0.6831914500233519,0.07302393050329387
QR2,2025-11-30,1,8,100,0.7297552570256759,0.06837084648030833
QR2,2025-11-30,1,9,100,0.72908856940991,0.06844193582561867
QR2,2025-11-30,2,0,100,-0.0665805576716023,0.09977810528067452
QR2,2025-11-30,2,1,100,0.44708736600008786,0.08944902946164938
QR2,2025-11-30,2,2,100,-0.10374556079059034,0.09946038701997113
QR2,2025-11-30,2,3,100,-0.5785695636946452,0.08156330424683556
QR2,2025-11-30,2,4,100,0.6142944399312318,0.07890768917346222
QR2,2025-11-30,2,5,100,0.8613902932587045,0.050794366093069955
QR2,2025-11-30,2,6,100,0.8042216949214382,0.05943294249973558
QR2,2025-11-30,2,7,100,0.6416841525703095,0.0766969000899073
QR2,2025-11-30,2,8,100,0.6798522430352592,0.07333491171603913
QR2,2025-11-30,2,9,100,0.6861596051277539,0.07274510267302696
QR2,2025-11-30,1,0,1000,-0.1815448927154867,0.031097290105874528
QR2,2025-11-30,1,1,1000,0.5532133583043982,0.026343025266540077
QR2,2025-11-30,1,2,1000,-0.19475859988654823,0.031017238558102345
QR2,2025-11-30,1,3,1000,-0.772444725128176,0.02008305620720253
QR2,2025-11-30,1,4,1000,0.7268272032471828,0.021719167033288314
QR2,2025-11-30,1,5,1000,0.9499937648289577,0.009874808696177484
QR2,2025-11-30,1,6,1000,0.8934085002198816,0.014206380669785714
QR2,2025-11-30,1,7,1000,0.6831914500233519,0.02309219440882545
QR2,2025-11-30,1,8,1000,0.7297552570256759,0.021620760043148092
QR2,2025-11-30,1,9,1000,0.72908856940991,0.021643240468003175
QR2,2025-11-30,2,0,1000,-0.0665805576716023,0.03155260733030056
QR2,2025-11-30,2,1,1000,0.44708736600008786,0.028286266759031703
QR2,2025-11-30,2,2,1000,-0.10374556079059034,0.03145213599449558
QR2,2025-11-30,2,3,1000,-0.5785695636946452,0.025792581490928477
QR2,2025-11-30,2,4,1000,0.6142944399312318,0.024952802268874988
QR2,2025-11-30,2,5,1000,0.8613902932587045,0.01606258891585293
QR2,2025-11-30,2,6,1000,0.8042216949214382,0.018794346634498565
QR2,2025-11-30,2,7,1000,0.6416841525703095,0.024253689375848
QR2,2025-11-30,2,8,1000,0.6798522430352592,0.023190535303005088
QR2,2025-11-30,2,9,1000,0.6861596051277539,0.02300402130695682
QR2,2025-11-30,1,0,10000,-0.1815448927154867,0.00983382657935822
QR2,2025-11-30,1,1,10000,0.5532133583043982,0.008330396030163086
QR2,2025-11-30,1,2,10000,-0.19475859988654823,0.009808512057240032
QR2,2025-11-30,1,3,10000,-0.772444725128176,0.006350819999194246
QR2,2025-11-30,1,4,10000,0.7268272032471828,0.006868203670683317
QR2,2025-11-30,1,5,10000,0.9499937648289577,0.00312268869383585
QR2,2025-11-30,1,6,10000,0.8934085002198816,0.004492452022391126
QR2,2025-11-30,1,7,10000,0.6831914500233519,0.007302393050329387
QR2,2025-11-30,1,8,10000,0.7297552570256759,0.006837084648030834
QR2,2025-11-30,1,9,10000,0.72908856940991,0.006844193582561867
QR2,2025-11-30,2,0,10000,-0.0665805576716023,0.009977810528067453
QR2,2025-11-30,2,1,10000,0.44708736600008786,0.00894490294616494
QR2,2025-11-30,2,2,10000,-0.10374556079059034,0.009946038701997114
QR2,2025-11-30,2,3,10000,-0.5785695636946452,0.008156330424683556
QR2,2025-11-30,2,4,10000,0.6142944399312318,0.007890768917346223
QR2,2025-11-30,2,5,10000,0.8613902932587045,0.005079436609306996
QR2,2025-11-30,2,6,10000,0.8042216949214382,0.005943294249973558
QR2,2025-11-30,2,7,10000,0.6416841525703095,0.007669690008990729
QR2,2025-11-30,2,8,10000,0.6798522430352592,0.0073334911716039135
QR2,2025-11-30,2,9,10000,0.6861596051277539,0.007274510267302696
QR2,2026-08-31,1,0,100,-0.30671040005614486,0.09518028842661691
QR2,2026-08-31,1,1,100,0.8535709508562995,0.052097661353871866
QR2,2026-08-31,1,2,100,-0.189266947759749,0.0981925670550326
QR2,2026-08-31,1,3,100,-0.6021406385049609,0.07983900371753375
QR2,2026-08-31,1,4,100,0.7164501154181379,0.0697638324719432
QR2,2026-08-31,1,5,100,0.9635689927524246,0.02674598964444515
QR2,2026-08-31,1,6,100,0.9585894027776699,0.02847917781157822
QR2,2026-08-31,1,7,100,0.7033645247369716,0.07108293362977733
QR2,2026-08-31,1,8,100,0.7538897105475676,0.06570009926404248
QR2,2026-08-31,1,9,100,0.7438544682872014,0.06683416267218163
QR2,2026-08-31,2,0,100,-0.2475020416250678,0.09688873718814912
QR2,2026-08-31,2,1,100,0.7926960353760429,0.06096170892446366
QR2,2026-08-31,2,2,100,-0.14785546569293076,0.09890089793650644
QR2,2026-08-31,2,3,100,-0.5057884893840053,0.08626575241697286
QR2,2026-08-31,2,4,100,0.6527060738391915,0.07576112335317024
QR2,2026-08-31,2,5,100,0.8828957840759052,0.046956898796768155
QR2,2026-08-31,2,6,100,0.8934411007136612,0.044918036416963
QR2,2026-08-31,2,7,100,0.665964765028025,0.07459831980287274
QR2,2026-08-31,2,8,100,0.7094904284131515,0.07047150714935241
QR2,2026-08-31,2,9,100,0.7035950850525977,0.07106011231976965
QR2,2026-08-31,1,0,1000,-0.30671040005614486,0.03009864997798736
QR2,2026-08-31,1,1,1000,0.8535709508562995,0.016474727064636655
QR2,2026-08-31,1,2,1000,-0.189266947759749,0.031051216119271516
QR2,2026-08-31,1,3,1000,-0.6021406385049609,0.025247309786605717
QR2,2026-08-31,1,4,1000,0.7164501154181379,0.022061260891375535
QR2,2026-08-31,1,5,1000,0.9635689927524246,0.00845782455517237
QR2,2026-08-31,1,6,1000,0.9585894027776699,0.009005906777351679
QR2,2026-08-31,1,7,1000,0.7033645247369716,0.022478397303667644
QR2,2026-08-31,1,8,1000,0.7538897105475676,0.020776195617352652
QR2,2026-08-31,1,9,1000,0.7438544682872014,0.02113481795542994
QR2,2026-08-31,2,0,1000,-0.2475020416250678,0.030638908913200927
QR2,2026-08-31,2,1,1000,0.7926960353760429,0.019277785025751875
QR2,2026-08-31,2,2,1000,-0.14785546569293076,0.031275210011520733
QR2,2026-08-31,2,3,1000,-0.5057884893840053,0.027279626170580964
QR2,2026-08-31,2,4,1000,0.6527060738391915,0.023957770788899116
QR2,2026-08-31,2,5,1000,0.8828957840759052,0.014849075205580738
QR2,2026-08-31,2,6,1000,0.8934411007136612,0.01420433030999918
QR2,2026-08-31,2,7,1000,0.665964765028025,0.023590060019872086
QR2,2026-08-31,2,8,1000,0.7094904284131515,0.022285047273679335
QR2,2026-08-31,2,9,1000,0.7035950850525977,0.022471180571786337
QR2,2026-08-31,1,0,10000,-0.30671040005614486,0.00951802884266169
QR2,2026-08-31,1,1,10000,0.8535709508562995,0.005209766135387187
QR2,2026-08-31,1,2,10000,-0.189266947759749,0.00981925670550326
QR2,2026-08-31,1,3,10000,-0.6021406385049609,0.007983900371753375
QR2,2026-08-31,1,4,10000,0.7164501154181379,0.00697638324719432
QR2,2026-08-31,1,5,10000,0.9635689927524246,0.002674598964444515
QR2,2026-08-31,1,6,10000,0.9585894027776699,0.0028479177811578217
QR2,2026-08-31,1,7,10000,0.7033645247369716,0.007108293362977733
QR2,2026-08-31,1,8,10000,0.7538897105475676,0.006570009926404248
QR2,2026-08-31,1,9,10000,0.7438544682872014,0.006683416267218164
QR2,2026-08-31,2,0,10000,-0.2475020416250678,0.009688873718814913
QR2,2026-08-31,2,1,10000,0.7926960353760429,0.0060961708924463665
QR2,2026-08-31,2,2,10000,-0.14785546569293076,0.009890089793650645
QR2,2026-08-31,2,3,10000,-0.5057884893840053,0.008626575241697286
QR2,2026-08-31,2,4,10000,0.6527060738391915,0.0075761123353170244
QR2,2026-08-31,2,5,10000,0.8828957840759052,0.004695689879676815
QR2,2026-08-31,2,6,10000,0.8934411007136612,0.0044918036416963
QR2,2026-08-31,2,7,10000,0.665964765028025,0.007459831980287273
QR2,2026-08-31,2,8,10000,0.7094904284131515,0.007047150714935241
QR2,2026-08-31,2,9,10000,0.7035950850525977,0.007106011231976964
