date,column,kind,value,robust_z,action
1950-07-31,DP,change,0.11848341232227477,8.543549620036904,retained; statistical flag is not proof of error
1974-07-31,DP,change,0.08688783570300157,6.29524708844825,retained; statistical flag is not proof of error
1974-09-30,DP,change,0.09320695102685617,6.744907594765977,retained; statistical flag is not proof of error
1980-03-31,DP,change,0.08688783570300163,6.295247088448254,retained; statistical flag is not proof of error
1982-09-30,DP,change,-0.09952606635071104,6.969737847924855,retained; statistical flag is not proof of error
2008-10-31,DP,change,0.09320695102685622,6.744907594765982,retained; statistical flag is not proof of error
1950-07-31,EP,change,0.09964664310954063,7.4193983542425554,retained; statistical flag is not proof of error
1974-07-31,EP,change,0.1024734982332155,7.626933972543044,retained; statistical flag is not proof of error
1974-09-30,EP,change,0.10954063604240283,8.145773018294275,retained; statistical flag is not proof of error
1975-01-31,EP,change,-0.08480565371024729,6.122300739864485,retained; statistical flag is not proof of error
1975-02-28,EP,change,-0.0932862190812721,6.744907594765965,retained; statistical flag is not proof of error
1980-03-31,EP,change,0.10318021201413408,7.678817877118155,retained; statistical flag is not proof of error
1981-09-30,EP,change,0.0840989399293286,6.277952453589853,retained; statistical flag is not proof of error
1982-09-30,EP,change,-0.10388692579505299,7.523166163392804,retained; statistical flag is not proof of error
2009-10-31,EP,change,0.0826855123674912,6.174184644439612,retained; statistical flag is not proof of error
2009-11-30,EP,change,0.080565371024735,6.018532930714242,retained; statistical flag is not proof of error
1987-10-31,MKT,level,-1.0,6.234864106171268,retained; statistical flag is not proof of error
2000-02-29,SMB,level,1.0,9.350595023884006,retained; statistical flag is not proof of error
2000-03-31,SMB,level,-1.0,7.592964380296785,retained; statistical flag is not proof of error
2000-03-31,SMB,change,-2.0,12.59922544886377,retained; statistical flag is not proof of error
2000-06-30,SMB,change,0.979771784232365,6.211208595762621,retained; statistical flag is not proof of error
1950-07-31,HML,level,1.0,6.243723488765992,retained; statistical flag is not proof of error
2020-03-31,HML,level,-1.2084507042253518,6.609072650149147,retained; statistical flag is not proof of error
2000-03-31,HML,change,1.4261569416498996,6.467819498980972,retained; statistical flag is not proof of error
2000-07-31,HML,change,1.3464788732394368,6.106875795261065,retained; statistical flag is not proof of error
2001-02-28,HML,change,1.4116700201207242,6.402193371031896,retained; statistical flag is not proof of error
1973-10-31,TB,change,-0.06568446899938618,6.6222729112248615,retained; statistical flag is not proof of error
1974-08-31,TB,change,0.0865561694290976,8.584427847884083,retained; statistical flag is not proof of error
1979-10-31,TB,change,0.08839779005524862,8.768379873195883,retained; statistical flag is not proof of error
1980-03-31,TB,change,0.14364640883977897,14.286940632549928,retained; statistical flag is not proof of error
1980-04-30,TB,change,-0.12277470841006743,12.324785695890698,retained; statistical flag is not proof of error
1980-05-31,TB,change,-0.2836095764272559,28.389929239788046,retained; statistical flag is not proof of error
1980-06-30,TB,change,-0.09269490484960102,9.320235949131284,retained; statistical flag is not proof of error
1980-07-31,TB,change,0.06077348066298338,6.009099493518853,retained; statistical flag is not proof of error
1980-08-31,TB,change,0.06568446899938624,6.499638227683675,retained; statistical flag is not proof of error
1980-09-30,TB,change,0.06998158379373842,6.92885962007786,retained; statistical flag is not proof of error
1980-10-31,TB,change,0.08287292817679548,8.21652379726047,retained; statistical flag is not proof of error
1980-11-30,TB,change,0.12952731737262135,12.876641771826131,retained; statistical flag is not proof of error
1980-12-31,TB,change,0.10804174340085948,10.730534809855108,retained; statistical flag is not proof of error
1981-03-31,TB,change,-0.08778391651319828,8.829697214966476,retained; statistical flag is not proof of error
1981-05-31,TB,change,0.16022099447513805,15.94250886035614,retained; statistical flag is not proof of error
1981-06-30,TB,change,-0.09637814610190276,9.68813999975486,retained; statistical flag is not proof of error
1981-10-31,TB,change,-0.0712093308778392,7.174128987160265,retained; statistical flag is not proof of error
1981-11-30,TB,change,-0.1645181092694905,16.49436493629155,retained; statistical flag is not proof of error
1982-01-31,TB,change,0.08778391651319817,8.707062531425272,retained; statistical flag is not proof of error
1982-02-28,TB,change,0.07366482504604066,7.296763670701485,retained; statistical flag is not proof of error
1982-07-31,TB,change,-0.06875383670963786,6.928859620077863,retained; statistical flag is not proof of error
1982-08-31,TB,change,-0.16390423572744017,16.43304759452095,retained; statistical flag is not proof of error
1984-11-30,TB,change,-0.0693677102516882,6.990176961848464,retained; statistical flag is not proof of error
2020-03-31,TB,change,-0.0755064456721916,7.603350379554472,retained; statistical flag is not proof of error
1982-09-30,DEF,level,0.7745098039215691,6.086867829422929,retained; statistical flag is not proof of error
2008-11-30,DEF,level,0.905228758169935,7.402947360108966,retained; statistical flag is not proof of error
2008-12-31,DEF,level,1.0,8.35710501985634,retained; statistical flag is not proof of error
2009-01-31,DEF,level,0.905228758169935,7.402947360108966,retained; statistical flag is not proof of error
2009-02-28,DEF,level,0.8137254901960786,6.481691688628738,retained; statistical flag is not proof of error
2009-03-31,DEF,level,0.8496732026143792,6.843613559567397,retained; statistical flag is not proof of error
2009-04-30,DEF,level,0.8758169934640526,7.106829465704607,retained; statistical flag is not proof of error
1974-11-30,DEF,change,0.16339869281045694,8.431134493457973,retained; statistical flag is not proof of error
1980-04-30,DEF,change,0.21568627450980454,11.129097531364586,retained; statistical flag is not proof of error
1980-07-31,DEF,change,-0.17973856209150346,9.274247942803747,retained; statistical flag is not proof of error
1981-06-30,DEF,change,0.13725490196078483,7.082152974504754,retained; statistical flag is not proof of error
1981-11-30,DEF,change,0.15032679738562116,7.756643733981377,retained; statistical flag is not proof of error
1982-01-31,DEF,change,-0.13071895424836555,6.744907594766321,retained; statistical flag is not proof of error
1982-08-31,DEF,change,0.13725490196078372,7.082152974504696,retained; statistical flag is not proof of error
1983-07-31,DEF,change,-0.12745098039215652,6.576284904897168,retained; statistical flag is not proof of error
1984-10-31,DEF,change,-0.12418300653594788,6.407662215028036,retained; statistical flag is not proof of error
2001-12-31,DEF,change,0.14379084967320302,7.419398354243067,retained; statistical flag is not proof of error
2008-10-31,DEF,change,0.30718954248366054,15.850532847701038,retained; statistical flag is not proof of error
2008-11-30,DEF,change,0.16013071895424846,8.262511803588849,retained; statistical flag is not proof of error
2009-05-31,DEF,change,-0.15686274509803932,8.093889113719626,retained; statistical flag is not proof of error
2009-06-30,DEF,change,-0.20588235294117663,10.62322946175702,retained; statistical flag is not proof of error
2009-08-31,DEF,change,-0.11764705882352927,6.0704168352897,retained; statistical flag is not proof of error
2020-03-31,DEF,change,0.14379084967320277,7.419398354243054,retained; statistical flag is not proof of error
2020-04-30,DEF,change,0.1405228758169934,7.250775664373884,retained; statistical flag is not proof of error
1952-08-31,IP,level,0.0643107005112564,9.575080383882193,retained; statistical flag is not proof of error
1959-12-31,IP,level,0.0618170014787031,9.187408152774585,retained; statistical flag is not proof of error
1974-12-31,IP,level,-0.035958660178024,6.012865981219511,retained; statistical flag is not proof of error
2008-09-30,IP,level,-0.0438020211600412,7.2322004765165,retained; statistical flag is not proof of error
2020-03-31,IP,level,-0.0391196910435174,6.504282095284851,retained; statistical flag is not proof of error
2020-04-30,IP,level,-0.1318775293149008,20.92448182506812,retained; statistical flag is not proof of error
2020-06-30,IP,level,0.0655301743593561,9.764660658525898,retained; statistical flag is not proof of error
1952-08-31,IP,change,0.080135422151519,11.32871522748062,retained; statistical flag is not proof of error
1956-08-31,IP,change,0.0714960608708676,10.117656978819648,retained; statistical flag is not proof of error
1959-12-31,IP,change,0.055716425892798405,7.905681292162287,retained; statistical flag is not proof of error
1964-11-30,IP,change,0.0447506228485868,6.368504434004232,retained; statistical flag is not proof of error
2008-10-31,IP,change,0.0538128164870541,7.6388349596425025,retained; statistical flag is not proof of error
2020-04-30,IP,change,-0.0927578382713834,12.90731361437124,retained; statistical flag is not proof of error
2020-05-31,IP,change,0.148415710221432,20.900187400222148,retained; statistical flag is not proof of error
2020-06-30,IP,change,0.0489919934528249,6.963056124693967,retained; statistical flag is not proof of error
2021-03-31,IP,change,0.0620200485329654,8.789317703098988,retained; statistical flag is not proof of error
1951-02-28,INF,level,0.0177304964539006,6.6313661312996395,retained; statistical flag is not proof of error
1973-08-31,INF,level,0.0180995475113121,6.791900518581955,retained; statistical flag is not proof of error
2008-11-30,INF,level,-0.0177054770847254,8.78301132551021,retained; statistical flag is not proof of error
1951-03-31,INF,change,-0.015794762810849898,6.972070195938972,retained; statistical flag is not proof of error
1973-08-31,INF,change,0.0180995475113121,7.9976149734227215,retained; statistical flag is not proof of error
1973-09-30,INF,change,-0.0136551030668677,6.027072866519128,retained; statistical flag is not proof of error
1975-01-31,STR,level,0.8936446173800259,7.146570631308196,retained; statistical flag is not proof of error
1999-12-31,STR,level,-0.9597924773022048,7.293089223254422,retained; statistical flag is not proof of error
2000-02-29,STR,level,-0.9247730220492868,7.020261500320071,retained; statistical flag is not proof of error
2000-06-30,STR,level,0.7522697795071336,6.045155009091734,retained; statistical flag is not proof of error
2000-11-30,STR,level,-1.0,7.606335868104977,retained; statistical flag is not proof of error
2001-01-31,STR,level,1.0,7.975158530590305,retained; statistical flag is not proof of error
2001-10-31,STR,level,0.9111543450064848,7.2829844927753715,retained; statistical flag is not proof of error
2020-03-31,STR,level,-0.8054474708171198,6.090626296247452,retained; statistical flag is not proof of error
2020-04-30,STR,level,0.9714656290531772,7.7528544600512,retained; statistical flag is not proof of error
1980-12-31,STR,change,1.0434500648508431,6.184095053178678,retained; statistical flag is not proof of error
2000-01-31,STR,change,1.0778210116731517,6.384926571449798,retained; statistical flag is not proof of error
2000-02-29,STR,change,-1.0428015564202335,6.005999178485419,retained; statistical flag is not proof of error
2000-03-31,STR,change,1.5149156939040211,8.93889720002972,retained; statistical flag is not proof of error
2000-06-30,STR,change,1.3800259403372244,8.150728222663808,retained; statistical flag is not proof of error
2001-01-31,STR,change,1.4974059662775616,8.836586803929336,retained; statistical flag is not proof of error
2001-03-31,STR,change,-1.2795071335927366,7.389084162805405,retained; statistical flag is not proof of error
2001-04-30,STR,change,1.12905317769131,6.684279211891658,retained; statistical flag is not proof of error
2001-10-31,STR,change,1.2840466926070038,7.589915681076525,retained; statistical flag is not proof of error
2001-11-30,STR,change,-1.1653696498054473,6.722171951188097,retained; statistical flag is not proof of error
2011-10-31,STR,change,1.4124513618677044,8.340191919146,retained; statistical flag is not proof of error
2020-04-30,STR,change,1.7769130998702969,10.469763867605804,retained; statistical flag is not proof of error
2020-05-31,STR,change,-1.2360570687418928,7.135202809519266,retained; statistical flag is not proof of error
1950-01-31,RV_q,level,0.0,9.37859841756733,retained; statistical flag is not proof of error
1950-02-28,RV_q,level,0.0,9.37859841756733,retained; statistical flag is not proof of error
1950-03-31,RV_q,level,0.0,9.37859841756733,retained; statistical flag is not proof of error
1950-04-30,RV_q,change,-0.8196585936046574,27.610182729418675,retained; statistical flag is not proof of error
2020-04-30,RV_q,change,0.18382997991612493,6.276512224955138,retained; statistical flag is not proof of error
1950-01-31,RV_a,level,0.0,10.31976039135135,retained; statistical flag is not proof of error
1950-02-28,RV_a,level,0.0,10.31976039135135,retained; statistical flag is not proof of error
1950-03-31,RV_a,level,0.0,10.31976039135135,retained; statistical flag is not proof of error
1950-04-30,RV_a,level,0.0,10.31976039135135,retained; statistical flag is not proof of error
1950-05-31,RV_a,level,0.0,10.31976039135135,retained; statistical flag is not proof of error
1950-06-30,RV_a,level,0.0,10.31976039135135,retained; statistical flag is not proof of error
1950-07-31,RV_a,level,0.0,10.31976039135135,retained; statistical flag is not proof of error
1950-08-31,RV_a,level,0.0,10.31976039135135,retained; statistical flag is not proof of error
1950-09-30,RV_a,level,0.0,10.31976039135135,retained; statistical flag is not proof of error
1950-10-31,RV_a,level,0.0,10.31976039135135,retained; statistical flag is not proof of error
1950-11-30,RV_a,level,0.0,10.31976039135135,retained; statistical flag is not proof of error
1950-12-31,RV_a,level,0.0,10.31976039135135,retained; statistical flag is not proof of error
1951-01-31,RV_a,change,-0.7786808763080648,84.62170006651058,retained; statistical flag is not proof of error
1950-02-28,RV1,change,-0.6333126217986882,6.54296233053237,retained; statistical flag is not proof of error
1950-03-31,RV2,change,-0.6333126217986882,6.568887193736497,retained; statistical flag is not proof of error
