period,window,model,seed,mse_log_rv,mae_log_rv,qlike_variance,directional_accuracy,rmse_log_rv
post2017,571,Persistence,0,0.22867938521551348,0.3783055998162539,0.7189690358793352,0.038461538461538464,0.47820433416638275
post2017,571,HAR,0,0.18713138386470263,0.32946235523829404,0.7265807013741228,0.6442307692307693,0.4325868512388034
post2017,571,HARX,0,0.17109950942842467,0.3142952931476462,0.6148820019919837,0.7019230769230769,0.41364176460848906
post2017,571,AR1,0,0.17571902249009774,0.3251373510515459,0.5916518273021308,0.6826923076923077,0.41918852857646016
post2017,571,AR3,0,0.1878225101420661,0.33007761535903923,0.7053732299150598,0.6634615384615384,0.4333849445263023
post2017,571,ARMAX,0,0.1974932836068534,0.3332962500753075,0.6837329100574074,0.7087378640776699,0.44440216426886736
post2017,571,CRL,0,0.18789754446204257,0.3295573875293564,0.7087157111716915,0.6730769230769231,0.43347150363321757
post2017,571,CRL,1,0.18797497083885475,0.3300796853441143,0.7069093125560926,0.6730769230769231,0.4335608040850265
post2017,571,CRL,2,0.1877498990978488,0.3299474128272874,0.7051973198502074,0.6730769230769231,0.4333011644316789
post2017,571,CRL,3,0.1878548367626123,0.32992706263106447,0.7061791591022519,0.6730769230769231,0.4334222384264706
post2017,571,CRL,4,0.18781060645004394,0.3300416928577871,0.7052836658726361,0.6730769230769231,0.43337121091512754
post2017,571,CRLX,0,0.17820012247282233,0.3223611276193638,0.6229989361496824,0.6538461538461539,0.4221375634468251
post2017,571,CRLX,1,0.17696122623648528,0.32566657734055526,0.6117084286726537,0.6634615384615384,0.42066759589548286
post2017,571,CRLX,2,0.17338143986564142,0.32199948996927197,0.6047300703735431,0.6538461538461539,0.4163909699616953
post2017,571,CRLX,3,0.17620576877449856,0.32665797197914614,0.6245941802958842,0.6730769230769231,0.4197687086652584
post2017,571,CRLX,4,0.18086065104423807,0.32811917576725746,0.6368490172442024,0.7019230769230769,0.42527714615793555
post2017,571,QR1,0,0.18478589905984055,0.3237010736372057,0.6362026042190325,0.6826923076923077,0.42986730401350665
post2017,571,QR1,1,0.1807433152642407,0.3203821259335079,0.5922017035638485,0.6923076923076923,0.42513917164175863
post2017,571,QR1,2,0.17655859927677248,0.31674334442292557,0.6100099274416496,0.7211538461538461,0.42018876624295
post2017,571,QR1,3,0.18084590526670302,0.32133058828406635,0.6114394157389428,0.6923076923076923,0.4252598091363714
post2017,571,QR1,4,0.17812828067735967,0.317689607522409,0.6155531067697997,0.6826923076923077,0.4220524619965623
post2017,571,QR2,0,0.17286340456956645,0.3224894657599985,0.5965970058649288,0.6442307692307693,0.41576845066643336
post2017,571,QR2,1,0.17141954443480342,0.31421421768257457,0.5960297207161053,0.7115384615384616,0.4140284343312708
post2017,571,QR2,2,0.1717299393690313,0.31959558168970675,0.5861925247739072,0.6442307692307693,0.41440311216137277
post2017,571,QR2,3,0.17804165576209435,0.32033538749753865,0.5964937503597385,0.6730769230769231,0.42194982611928444
post2017,571,QR2,4,0.17438169169773177,0.32110064025880153,0.6127929343253555,0.6730769230769231,0.41759033956466446
post2017,571,LSTM,0,0.1987369704720779,0.33610412764096187,0.8108409048504408,0.6442307692307693,0.44579924907078733
post2017,571,LSTM,1,0.2057439825685631,0.3479742555057846,0.7532234037641972,0.5865384615384616,0.4535901041342978
post2017,571,LSTM,2,0.20721638030506614,0.34775578024206716,0.8817533757518292,0.6538461538461539,0.45521025944618837
post2017,571,LSTM,3,0.19888838927025507,0.34485177786563176,0.7530489681726953,0.6634615384615384,0.44596904519288677
post2017,571,LSTM,4,0.20238838646061788,0.3362489240604901,0.9103185967437413,0.625,0.44987596786294093
post2017,571,LSTMX,0,0.18489722492150934,0.32247202606210623,0.6459798691465068,0.6442307692307693,0.4299967731524381
post2017,571,LSTMX,1,0.18676265318697466,0.3252337444160002,0.6901817298224194,0.6538461538461539,0.4321604484297177
post2017,571,LSTMX,2,0.18966583065690942,0.32963261738218286,0.6740892687102458,0.6538461538461539,0.43550640713646155
post2017,571,LSTMX,3,0.1868767454164511,0.3304524871285086,0.6655242476098164,0.6634615384615384,0.43229243044084303
post2017,571,LSTMX,4,0.18614414312856573,0.3255949883080585,0.6599120668207418,0.6442307692307693,0.4314442526312823
post2017,120,Persistence,0,0.22867938521551348,0.3783055998162539,0.7189690358793352,0.038461538461538464,0.47820433416638275
post2017,120,HAR,0,0.1924691074500958,0.33334284009993276,0.82130320736459,0.6538461538461539,0.43871301262909423
post2017,120,HARX,0,0.23192608837910822,0.3530367305835385,1.1491478986480197,0.7115384615384616,0.4815870517145454
post2017,120,AR1,0,0.18236271224040274,0.3262854837530095,0.726637435901182,0.7019230769230769,0.42703947386676416
post2017,120,AR3,0,0.19325820024347926,0.33394172493164087,0.8005427178198956,0.6538461538461539,0.4396114196008553
post2017,120,ARMAX,0,0.25192236186186684,0.38027665721721576,0.8944318203968614,0.6407766990291263,0.5019186805269025
post2017,120,CRL,0,0.1930473654520433,0.33423957883737976,0.7938046837768488,0.6538461538461539,0.4393715573999338
post2017,120,CRL,1,0.1933780036477536,0.33397517135460136,0.800546316141719,0.6538461538461539,0.4397476590588671
post2017,120,CRL,2,0.19315228837308668,0.33383897272371854,0.7998577979238731,0.6538461538461539,0.43949094231063135
post2017,120,CRL,3,0.1931846862266084,0.3338741624551753,0.7994751445358008,0.6538461538461539,0.4395277991510985
post2017,120,CRL,4,0.19323146673110556,0.3338961042213266,0.8002757587231717,0.6538461538461539,0.43958101270540056
post2017,120,CRLX,0,0.24694685061887403,0.38929882717898595,0.9645988938427276,0.625,0.49693747153829526
post2017,120,CRLX,1,0.24523484595141165,0.3858477457972373,0.9523605228579435,0.5865384615384616,0.49521192024365857
post2017,120,CRLX,2,0.2648456336771857,0.39069700461403395,1.278113179293093,0.5961538461538461,0.5146315513813603
post2017,120,CRLX,3,0.3018166215441113,0.4114539875935479,1.4769193082801746,0.6634615384615384,0.549378395592793
post2017,120,CRLX,4,0.2500972240525924,0.39388911215622796,0.9239615033455725,0.5961538461538461,0.5000972146019136
post2017,120,QR1,0,0.21127897316134175,0.3435986362320606,0.7265281592628595,0.6442307692307693,0.4596509253350218
post2017,120,QR1,1,0.22943578417022645,0.3562195379583825,0.6183062246026397,0.6442307692307693,0.4789945554703377
post2017,120,QR1,2,0.19671564923490886,0.3405817383289072,0.7438279470939361,0.6153846153846154,0.4435263794126668
post2017,120,QR1,3,0.25303412964821165,0.35461478034072424,0.724057274461869,0.6057692307692307,0.5030249791493576
post2017,120,QR1,4,0.19558049596630486,0.3370973537371815,0.8536198365144648,0.6153846153846154,0.44224483712792495
post2017,120,QR2,0,0.23179781827582274,0.3721168668831364,0.8642105075450816,0.6346153846153846,0.4814538589271279
post2017,120,QR2,1,0.22534696447434566,0.38444136861491346,0.7409347440942502,0.6153846153846154,0.47470724080673726
post2017,120,QR2,2,0.23490216360599142,0.3793919577566862,0.8321693777590201,0.6442307692307693,0.48466706470111154
post2017,120,QR2,3,0.24505796487035644,0.3850870129005891,0.9828903377796208,0.625,0.495033296728974
post2017,120,QR2,4,0.2377944008299047,0.3837137695616662,0.8341080740754746,0.6538461538461539,0.4876416725731146
post2017,120,LSTM,0,0.24188965508493934,0.36504098236755966,1.2095786348217783,0.6442307692307693,0.49182278829364884
post2017,120,LSTM,1,0.24116094027698687,0.3671340325647925,1.2151928068124116,0.6634615384615384,0.4910813988301602
post2017,120,LSTM,2,0.24138997709070065,0.36695976103803957,1.2201790617914385,0.6634615384615384,0.49131453987308443
post2017,120,LSTM,3,0.23773972023144221,0.365540672441444,1.1898448828944994,0.6634615384615384,0.48758560297802295
post2017,120,LSTM,4,0.24610932931314086,0.37026640674950245,1.2302612664705774,0.6634615384615384,0.4960940730477848
post2017,120,LSTMX,0,0.23691801130719178,0.37323610183574324,1.105936813913731,0.6538461538461539,0.48674224319160114
post2017,120,LSTMX,1,0.23077239185401113,0.36937027709378134,1.09627308275619,0.6538461538461539,0.48038775156534863
post2017,120,LSTMX,2,0.2362823198414046,0.3701408875544584,1.1050817261198171,0.6346153846153846,0.48608879830891455
post2017,120,LSTMX,3,0.23760346496731552,0.37292754526951666,1.1304657686196817,0.6442307692307693,0.4874458584984752
post2017,120,LSTMX,4,0.23102761787339657,0.3630456980186997,1.0749776823082153,0.6153846153846154,0.48065332400119376
last12,571,Persistence,0,0.13586251906508842,0.3249825738097067,0.31363015247608006,0.08333333333333333,0.36859533239731673
last12,571,HAR,0,0.0855128827203826,0.25713380952714,0.17724307639129644,0.6666666666666666,0.29242585850157404
last12,571,HARX,0,0.06385060292751236,0.21225673013769497,0.12901324728436622,1.0,0.25268676840608884
last12,571,AR1,0,0.09765998629947943,0.27024512880410173,0.19561964203606327,0.75,0.3125059780219883
last12,571,AR3,0,0.08767047438288356,0.26927498638627606,0.18430250455699995,0.6666666666666666,0.29609200324035023
last12,571,ARMAX,0,0.07241097179017568,0.23406917995160778,0.16486197945531042,0.75,0.26909286833763485
last12,571,CRL,0,0.08661453414294955,0.26713848048393596,0.18278372420378022,0.6666666666666666,0.29430347286933184
last12,571,CRL,1,0.08745391055249986,0.2690244053156832,0.1840045581732159,0.6666666666666666,0.29572607350806907
last12,571,CRL,2,0.08755099957692986,0.2690607237946461,0.18410171568747327,0.6666666666666666,0.2958901816163048
last12,571,CRL,3,0.087405487151365,0.268791201945116,0.18395876611309755,0.6666666666666666,0.29564419011941534
last12,571,CRL,4,0.08762991011980016,0.2692023075899562,0.18425381732012355,0.6666666666666666,0.2960234958914582
last12,571,CRLX,0,0.07342973414856044,0.2432983327396765,0.15661613346560455,0.9166666666666666,0.2709792134990439
last12,571,CRLX,1,0.09210703637380606,0.273073963012082,0.20346210892950992,0.75,0.3034914107084516
last12,571,CRLX,2,0.08997195244517343,0.2744380588250871,0.19270031063656776,0.75,0.29995325043275234
last12,571,CRLX,3,0.05719707827237927,0.19686759976587578,0.11863842847458562,0.9166666666666666,0.23915910660558018
last12,571,CRLX,4,0.07935151665730918,0.26357900177847216,0.16267303667819963,0.8333333333333334,0.2816940124626528
last12,571,QR1,0,0.08193346177649709,0.25106478804905097,0.1479771182495018,0.8333333333333334,0.2862402169096738
last12,571,QR1,1,0.08143871165411976,0.24790597182918317,0.1422210084039959,0.8333333333333334,0.28537468642842123
last12,571,QR1,2,0.07592880930000391,0.24276205058714337,0.14625160689167116,0.9166666666666666,0.2755518268856222
last12,571,QR1,3,0.08664737197084832,0.2574798978962164,0.15451612274679333,0.8333333333333334,0.2943592566420297
last12,571,QR1,4,0.08782477506477904,0.25984513002441767,0.15418657722588472,0.75,0.296352450748731
last12,571,QR2,0,0.08321101444547535,0.26349436957106614,0.15129425498428076,0.6666666666666666,0.2884631942648409
last12,571,QR2,1,0.06283351049340545,0.22542527356058262,0.12147270617455512,0.9166666666666666,0.2506661335190804
last12,571,QR2,2,0.07350066482382948,0.2506674190107267,0.14067018940831463,0.75,0.2711100603515655
last12,571,QR2,3,0.07263878755205622,0.24021330295791976,0.13209045054714538,0.9166666666666666,0.2695158391487525
last12,571,QR2,4,0.07139085264504742,0.23990076464632126,0.13353827038069285,0.6666666666666666,0.2671906672117262
last12,571,LSTM,0,0.07764934931093119,0.25496564540136796,0.15413746909942092,0.6666666666666666,0.27865632831667614
last12,571,LSTM,1,0.0995000331765609,0.2850366934994491,0.21071638412401147,0.6666666666666666,0.31543625850013013
last12,571,LSTM,2,0.10020489326418162,0.2885587425278137,0.22677016301276942,0.6666666666666666,0.3165515649371862
last12,571,LSTM,3,0.08133066329014259,0.25892705720710135,0.1755349434710851,0.6666666666666666,0.2851853139454109
last12,571,LSTM,4,0.08591780196529004,0.2534341662707722,0.17439081817459848,0.5833333333333334,0.29311738598262993
last12,571,LSTMX,0,0.06514918486358454,0.21377632861158583,0.13813006041607648,0.8333333333333334,0.25524338358434395
last12,571,LSTMX,1,0.06497969851852171,0.22514041958900177,0.1392434951158093,0.8333333333333334,0.2549111580894836
last12,571,LSTMX,2,0.059160758044316704,0.21773228857248392,0.12686457542978954,0.8333333333333334,0.24322984612155785
last12,571,LSTMX,3,0.07895836133189034,0.2620842694780416,0.1576776565533338,0.9166666666666666,0.2809953048217894
last12,571,LSTMX,4,0.06695045067214687,0.22550460981354511,0.1408860921377834,0.8333333333333334,0.2587478515314608
last12,120,Persistence,0,0.13586251906508842,0.3249825738097067,0.31363015247608006,0.08333333333333333,0.36859533239731673
last12,120,HAR,0,0.09018622975778268,0.2600197731568033,0.18548459910011286,0.6666666666666666,0.3003102225329379
last12,120,HARX,0,0.06383989639287907,0.2006500652077294,0.14230564126721199,1.0,0.25266558212957907
last12,120,AR1,0,0.09193532596358546,0.2615939983346164,0.1879199442551215,0.75,0.30320838702711617
last12,120,AR3,0,0.09177429742870713,0.2697402692029207,0.18717254063849206,0.5833333333333334,0.3029427296184992
last12,120,ARMAX,0,0.06688207290281603,0.19371355166486068,0.12434383793994915,0.9166666666666666,0.2586156857246212
last12,120,CRL,0,0.0926605500889247,0.2717485583983824,0.18792072777993452,0.5833333333333334,0.3044019548047034
last12,120,CRL,1,0.0917843468241344,0.2699462906288162,0.1870628188415726,0.5833333333333334,0.30295931546023536
last12,120,CRL,2,0.0917458136497659,0.269665944777604,0.18718736111008108,0.5833333333333334,0.3028957141488897
last12,120,CRL,3,0.0917800167931721,0.2697999924992673,0.18717347437232323,0.5833333333333334,0.3029521691507953
last12,120,CRL,4,0.09174354994256533,0.26968231865654396,0.1871672502761975,0.5833333333333334,0.3028919773492942
last12,120,CRLX,0,0.09363953043438945,0.25622254565735453,0.22559544619253355,0.75,0.3060057686292686
last12,120,CRLX,1,0.11043140756554616,0.28470947488532744,0.2329131574107242,0.6666666666666666,0.3323122139879095
last12,120,CRLX,2,0.12587891132816337,0.31179704613459897,0.2787187449440492,0.5,0.35479418164361626
last12,120,CRLX,3,0.08335631790431293,0.2547332690313115,0.20429718097615499,0.8333333333333334,0.28871494229484024
last12,120,CRLX,4,0.09950865349902106,0.2924606736059091,0.20336126734673574,0.75,0.3154499223316136
last12,120,QR1,0,0.10040031181533939,0.25596033839603777,0.1954941183111991,0.75,0.3168600823949577
last12,120,QR1,1,0.11759365611685028,0.29169696794631966,0.20836942324646093,0.6666666666666666,0.3429193142954335
last12,120,QR1,2,0.09415263148967833,0.2623288161031252,0.19447958097576146,0.75,0.30684300788787466
last12,120,QR1,3,0.10745888736170311,0.29274420546737673,0.20897873076672036,0.5833333333333334,0.3278092240338931
last12,120,QR1,4,0.10266447430603075,0.27797129675374316,0.19780020543020008,0.6666666666666666,0.3204129746218632
last12,120,QR2,0,0.10949286769905775,0.2914351442215314,0.21318853911719138,0.5833333333333334,0.3308970651109764
last12,120,QR2,1,0.10547448279047265,0.29644180078035864,0.2093438681775355,0.6666666666666666,0.32476835250755676
last12,120,QR2,2,0.15947279542249637,0.3624702199211125,0.2956758608448253,0.5,0.3993404505212268
last12,120,QR2,3,0.10120553104919383,0.2801300157135351,0.20515646919790317,0.75,0.318128167645045
last12,120,QR2,4,0.1411588692230074,0.3277790709959569,0.26598370040737346,0.6666666666666666,0.37571115131575133
last12,120,LSTM,0,0.06888700797766018,0.22882211096279026,0.13558449883728516,0.5833333333333334,0.26246334596979476
last12,120,LSTM,1,0.07234356509786115,0.23303130212674372,0.14411393660248514,0.6666666666666666,0.2689675911664101
last12,120,LSTM,2,0.07095305660962058,0.23182488924445332,0.14222894538578235,0.75,0.26637014962195105
last12,120,LSTM,3,0.0692543453827087,0.2288235263455839,0.14018334510633726,0.75,0.2631622035602923
last12,120,LSTM,4,0.06478230109723404,0.2239441426918436,0.13014541517370842,0.75,0.25452367492481726
last12,120,LSTMX,0,0.08136170033168189,0.24663543586346537,0.155932774144023,0.75,0.28523972432268596
last12,120,LSTMX,1,0.08210949152978807,0.24289727011419324,0.1587941814133453,0.6666666666666666,0.28654753799289234
last12,120,LSTMX,2,0.08393556083404723,0.2490992157245118,0.15659902740529816,0.75,0.2897163454726834
last12,120,LSTMX,3,0.07892268151754005,0.23650222117465206,0.14977216357387227,0.75,0.28093180937291534
last12,120,LSTMX,4,0.0841774346143177,0.24877818562235854,0.1639238328366613,0.6666666666666666,0.29013347723818034
