run_id,configuration,model,seed,window,target_month,forecast_origin,training_start,training_end,actual_log_rv,previous_log_rv,predicted_log_rv,status,warnings,seconds,error
6896fea73c283c52ec3df2db2143d92e1dad9531a594c684d1d0adfc23fe05fa,colin,AR1,0,120,2026-09-30,2026-08-31,2016-09-30,2026-08-31,,-3.507788998946598,-3.408876334932202,ok,[],5.76250022277236e-05,
6896fea73c283c52ec3df2db2143d92e1dad9531a594c684d1d0adfc23fe05fa,colin,AR1,0,571,2026-09-30,2026-08-31,1979-02-28,2026-08-31,,-3.507788998946598,-3.410881272039437,ok,[],0.00018708303105086088,
6896fea73c283c52ec3df2db2143d92e1dad9531a594c684d1d0adfc23fe05fa,colin,AR3,0,120,2026-09-30,2026-08-31,2016-09-30,2026-08-31,,-3.507788998946598,-3.4131875193245427,ok,[],6.654101889580488e-05,
6896fea73c283c52ec3df2db2143d92e1dad9531a594c684d1d0adfc23fe05fa,colin,AR3,0,571,2026-09-30,2026-08-31,1979-02-28,2026-08-31,,-3.507788998946598,-3.378381331821548,ok,[],0.0002717910101637244,
6896fea73c283c52ec3df2db2143d92e1dad9531a594c684d1d0adfc23fe05fa,colin,ARMAX,0,120,2026-09-30,2026-08-31,2016-09-30,2026-08-31,,-3.507788998946598,,unavailable,,4.591699689626694e-05,ValueError: Unavailable required inputs
6896fea73c283c52ec3df2db2143d92e1dad9531a594c684d1d0adfc23fe05fa,colin,ARMAX,0,571,2026-09-30,2026-08-31,1979-02-28,2026-08-31,,-3.507788998946598,,unavailable,,5.879194941371679e-05,ValueError: Unavailable required inputs
6896fea73c283c52ec3df2db2143d92e1dad9531a594c684d1d0adfc23fe05fa,colin,CRL,0,120,2026-09-30,2026-08-31,2016-09-30,2026-08-31,,-3.507788998946598,-3.4053685402260525,ok,[],9.916606359183788e-05,
6896fea73c283c52ec3df2db2143d92e1dad9531a594c684d1d0adfc23fe05fa,colin,CRL,1,120,2026-09-30,2026-08-31,2016-09-30,2026-08-31,,-3.507788998946598,-3.4117637330642054,ok,[],0.00010966591071337461,
6896fea73c283c52ec3df2db2143d92e1dad9531a594c684d1d0adfc23fe05fa,colin,CRL,2,120,2026-09-30,2026-08-31,2016-09-30,2026-08-31,,-3.507788998946598,-3.4132550092936214,ok,[],0.00010083301458507776,
6896fea73c283c52ec3df2db2143d92e1dad9531a594c684d1d0adfc23fe05fa,colin,CRL,3,120,2026-09-30,2026-08-31,2016-09-30,2026-08-31,,-3.507788998946598,-3.4124864133650474,ok,[],0.00010404095519334078,
6896fea73c283c52ec3df2db2143d92e1dad9531a594c684d1d0adfc23fe05fa,colin,CRL,4,120,2026-09-30,2026-08-31,2016-09-30,2026-08-31,,-3.507788998946598,-3.41313988118817,ok,[],0.00015416601672768593,
6896fea73c283c52ec3df2db2143d92e1dad9531a594c684d1d0adfc23fe05fa,colin,CRL,0,571,2026-09-30,2026-08-31,1979-02-28,2026-08-31,,-3.507788998946598,-3.381514440836228,ok,[],0.00011320901103317738,
6896fea73c283c52ec3df2db2143d92e1dad9531a594c684d1d0adfc23fe05fa,colin,CRL,1,571,2026-09-30,2026-08-31,1979-02-28,2026-08-31,,-3.507788998946598,-3.3780976957729436,ok,[],0.00011562497820705175,
6896fea73c283c52ec3df2db2143d92e1dad9531a594c684d1d0adfc23fe05fa,colin,CRL,2,571,2026-09-30,2026-08-31,1979-02-28,2026-08-31,,-3.507788998946598,-3.378760321586003,ok,[],0.0001153330085799098,
6896fea73c283c52ec3df2db2143d92e1dad9531a594c684d1d0adfc23fe05fa,colin,CRL,3,571,2026-09-30,2026-08-31,1979-02-28,2026-08-31,,-3.507788998946598,-3.378695484506128,ok,[],0.00011558306869119406,
6896fea73c283c52ec3df2db2143d92e1dad9531a594c684d1d0adfc23fe05fa,colin,CRL,4,571,2026-09-30,2026-08-31,1979-02-28,2026-08-31,,-3.507788998946598,-3.3784368396603,ok,[],0.00011641602031886578,
6896fea73c283c52ec3df2db2143d92e1dad9531a594c684d1d0adfc23fe05fa,colin,CRLX,0,120,2026-09-30,2026-08-31,2016-09-30,2026-08-31,,-3.507788998946598,,unavailable,,1.4999997802078724e-05,ValueError: Unavailable required inputs
6896fea73c283c52ec3df2db2143d92e1dad9531a594c684d1d0adfc23fe05fa,colin,CRLX,1,120,2026-09-30,2026-08-31,2016-09-30,2026-08-31,,-3.507788998946598,,unavailable,,1.5083933249115944e-05,ValueError: Unavailable required inputs
6896fea73c283c52ec3df2db2143d92e1dad9531a594c684d1d0adfc23fe05fa,colin,CRLX,2,120,2026-09-30,2026-08-31,2016-09-30,2026-08-31,,-3.507788998946598,,unavailable,,1.5249941498041153e-05,ValueError: Unavailable required inputs
6896fea73c283c52ec3df2db2143d92e1dad9531a594c684d1d0adfc23fe05fa,colin,CRLX,3,120,2026-09-30,2026-08-31,2016-09-30,2026-08-31,,-3.507788998946598,,unavailable,,1.7874990589916706e-05,ValueError: Unavailable required inputs
6896fea73c283c52ec3df2db2143d92e1dad9531a594c684d1d0adfc23fe05fa,colin,CRLX,4,120,2026-09-30,2026-08-31,2016-09-30,2026-08-31,,-3.507788998946598,,unavailable,,2.008408773690462e-05,ValueError: Unavailable required inputs
6896fea73c283c52ec3df2db2143d92e1dad9531a594c684d1d0adfc23fe05fa,colin,CRLX,0,571,2026-09-30,2026-08-31,1979-02-28,2026-08-31,,-3.507788998946598,,unavailable,,1.7457990907132626e-05,ValueError: Unavailable required inputs
6896fea73c283c52ec3df2db2143d92e1dad9531a594c684d1d0adfc23fe05fa,colin,CRLX,1,571,2026-09-30,2026-08-31,1979-02-28,2026-08-31,,-3.507788998946598,,unavailable,,1.670804340392351e-05,ValueError: Unavailable required inputs
6896fea73c283c52ec3df2db2143d92e1dad9531a594c684d1d0adfc23fe05fa,colin,CRLX,2,571,2026-09-30,2026-08-31,1979-02-28,2026-08-31,,-3.507788998946598,,unavailable,,1.808302477002144e-05,ValueError: Unavailable required inputs
6896fea73c283c52ec3df2db2143d92e1dad9531a594c684d1d0adfc23fe05fa,colin,CRLX,3,571,2026-09-30,2026-08-31,1979-02-28,2026-08-31,,-3.507788998946598,,unavailable,,1.758395228534937e-05,ValueError: Unavailable required inputs
6896fea73c283c52ec3df2db2143d92e1dad9531a594c684d1d0adfc23fe05fa,colin,CRLX,4,571,2026-09-30,2026-08-31,1979-02-28,2026-08-31,,-3.507788998946598,,unavailable,,1.879199407994747e-05,ValueError: Unavailable required inputs
6896fea73c283c52ec3df2db2143d92e1dad9531a594c684d1d0adfc23fe05fa,colin,HAR,0,120,2026-09-30,2026-08-31,2016-09-30,2026-08-31,,-3.507788998946598,-3.399503644025666,ok,[],3.27499583363533e-05,
6896fea73c283c52ec3df2db2143d92e1dad9531a594c684d1d0adfc23fe05fa,colin,HAR,0,571,2026-09-30,2026-08-31,1979-02-28,2026-08-31,,-3.507788998946598,-3.3810802587508624,ok,[],4.6874978579580784e-05,
6896fea73c283c52ec3df2db2143d92e1dad9531a594c684d1d0adfc23fe05fa,colin,HARX,0,120,2026-09-30,2026-08-31,2016-09-30,2026-08-31,,-3.507788998946598,,unavailable,,1.7750076949596405e-05,ValueError: Unavailable required inputs
6896fea73c283c52ec3df2db2143d92e1dad9531a594c684d1d0adfc23fe05fa,colin,HARX,0,571,2026-09-30,2026-08-31,1979-02-28,2026-08-31,,-3.507788998946598,,unavailable,,1.7832964658737183e-05,ValueError: Unavailable required inputs
6896fea73c283c52ec3df2db2143d92e1dad9531a594c684d1d0adfc23fe05fa,colin,LSTM,0,120,2026-09-30,2026-08-31,2016-09-30,2026-08-31,,-3.507788998946598,-3.279938541521747,ok,[],0.45918604196049273,
6896fea73c283c52ec3df2db2143d92e1dad9531a594c684d1d0adfc23fe05fa,colin,LSTM,1,120,2026-09-30,2026-08-31,2016-09-30,2026-08-31,,-3.507788998946598,-3.295910979084825,ok,[],0.34044891700614244,
6896fea73c283c52ec3df2db2143d92e1dad9531a594c684d1d0adfc23fe05fa,colin,LSTM,2,120,2026-09-30,2026-08-31,2016-09-30,2026-08-31,,-3.507788998946598,-3.288433564206858,ok,[],0.3337465419899672,
6896fea73c283c52ec3df2db2143d92e1dad9531a594c684d1d0adfc23fe05fa,colin,LSTM,3,120,2026-09-30,2026-08-31,2016-09-30,2026-08-31,,-3.507788998946598,-3.271591557392548,ok,[],0.3408955419436097,
6896fea73c283c52ec3df2db2143d92e1dad9531a594c684d1d0adfc23fe05fa,colin,LSTM,4,120,2026-09-30,2026-08-31,2016-09-30,2026-08-31,,-3.507788998946598,-3.289213387704647,ok,[],0.3421157089760527,
6896fea73c283c52ec3df2db2143d92e1dad9531a594c684d1d0adfc23fe05fa,colin,LSTM,0,571,2026-09-30,2026-08-31,1979-02-28,2026-08-31,,-3.507788998946598,-3.278147610493348,ok,[],2.1080885840347037,
6896fea73c283c52ec3df2db2143d92e1dad9531a594c684d1d0adfc23fe05fa,colin,LSTM,1,571,2026-09-30,2026-08-31,1979-02-28,2026-08-31,,-3.507788998946598,-3.356723372613944,ok,[],1.5494216249790043,
6896fea73c283c52ec3df2db2143d92e1dad9531a594c684d1d0adfc23fe05fa,colin,LSTM,2,571,2026-09-30,2026-08-31,1979-02-28,2026-08-31,,-3.507788998946598,-3.35327570981463,ok,[],1.506729666958563,
6896fea73c283c52ec3df2db2143d92e1dad9531a594c684d1d0adfc23fe05fa,colin,LSTM,3,571,2026-09-30,2026-08-31,1979-02-28,2026-08-31,,-3.507788998946598,-3.3385720842938005,ok,[],1.5328561250353232,
6896fea73c283c52ec3df2db2143d92e1dad9531a594c684d1d0adfc23fe05fa,colin,LSTM,4,571,2026-09-30,2026-08-31,1979-02-28,2026-08-31,,-3.507788998946598,-3.3830681546625376,ok,[],1.5346295000053942,
6896fea73c283c52ec3df2db2143d92e1dad9531a594c684d1d0adfc23fe05fa,colin,LSTMX,0,120,2026-09-30,2026-08-31,2016-09-30,2026-08-31,,-3.507788998946598,,unavailable,,6.125005893409252e-05,ValueError: Unavailable required inputs
6896fea73c283c52ec3df2db2143d92e1dad9531a594c684d1d0adfc23fe05fa,colin,LSTMX,1,120,2026-09-30,2026-08-31,2016-09-30,2026-08-31,,-3.507788998946598,,unavailable,,6.208394188433886e-05,ValueError: Unavailable required inputs
6896fea73c283c52ec3df2db2143d92e1dad9531a594c684d1d0adfc23fe05fa,colin,LSTMX,2,120,2026-09-30,2026-08-31,2016-09-30,2026-08-31,,-3.507788998946598,,unavailable,,5.208305083215237e-05,ValueError: Unavailable required inputs
6896fea73c283c52ec3df2db2143d92e1dad9531a594c684d1d0adfc23fe05fa,colin,LSTMX,3,120,2026-09-30,2026-08-31,2016-09-30,2026-08-31,,-3.507788998946598,,unavailable,,4.8874993808567524e-05,ValueError: Unavailable required inputs
6896fea73c283c52ec3df2db2143d92e1dad9531a594c684d1d0adfc23fe05fa,colin,LSTMX,4,120,2026-09-30,2026-08-31,2016-09-30,2026-08-31,,-3.507788998946598,,unavailable,,4.3625012040138245e-05,ValueError: Unavailable required inputs
6896fea73c283c52ec3df2db2143d92e1dad9531a594c684d1d0adfc23fe05fa,colin,LSTMX,0,571,2026-09-30,2026-08-31,1979-02-28,2026-08-31,,-3.507788998946598,,unavailable,,6.324995774775743e-05,ValueError: Unavailable required inputs
6896fea73c283c52ec3df2db2143d92e1dad9531a594c684d1d0adfc23fe05fa,colin,LSTMX,1,571,2026-09-30,2026-08-31,1979-02-28,2026-08-31,,-3.507788998946598,,unavailable,,5.991698708385229e-05,ValueError: Unavailable required inputs
6896fea73c283c52ec3df2db2143d92e1dad9531a594c684d1d0adfc23fe05fa,colin,LSTMX,2,571,2026-09-30,2026-08-31,1979-02-28,2026-08-31,,-3.507788998946598,,unavailable,,6.279197987169027e-05,ValueError: Unavailable required inputs
6896fea73c283c52ec3df2db2143d92e1dad9531a594c684d1d0adfc23fe05fa,colin,LSTMX,3,571,2026-09-30,2026-08-31,1979-02-28,2026-08-31,,-3.507788998946598,,unavailable,,5.637493450194597e-05,ValueError: Unavailable required inputs
6896fea73c283c52ec3df2db2143d92e1dad9531a594c684d1d0adfc23fe05fa,colin,LSTMX,4,571,2026-09-30,2026-08-31,1979-02-28,2026-08-31,,-3.507788998946598,,unavailable,,5.337502807378769e-05,ValueError: Unavailable required inputs
6896fea73c283c52ec3df2db2143d92e1dad9531a594c684d1d0adfc23fe05fa,colin,Persistence,0,120,2026-09-30,2026-08-31,2016-09-30,2026-08-31,,-3.507788998946598,-3.507788998946598,ok,[],1.3875076547265053e-05,
6896fea73c283c52ec3df2db2143d92e1dad9531a594c684d1d0adfc23fe05fa,colin,Persistence,0,571,2026-09-30,2026-08-31,1979-02-28,2026-08-31,,-3.507788998946598,-3.507788998946598,ok,[],1.1791940778493881e-05,
6896fea73c283c52ec3df2db2143d92e1dad9531a594c684d1d0adfc23fe05fa,colin,QR1,0,120,2026-09-30,2026-08-31,2016-09-30,2026-08-31,,-3.507788998946598,,unavailable,,2.120796125382185e-05,ValueError: Unavailable required inputs
6896fea73c283c52ec3df2db2143d92e1dad9531a594c684d1d0adfc23fe05fa,colin,QR1,1,120,2026-09-30,2026-08-31,2016-09-30,2026-08-31,,-3.507788998946598,,unavailable,,2.291705459356308e-05,ValueError: Unavailable required inputs
6896fea73c283c52ec3df2db2143d92e1dad9531a594c684d1d0adfc23fe05fa,colin,QR1,2,120,2026-09-30,2026-08-31,2016-09-30,2026-08-31,,-3.507788998946598,,unavailable,,2.5541987270116806e-05,ValueError: Unavailable required inputs
6896fea73c283c52ec3df2db2143d92e1dad9531a594c684d1d0adfc23fe05fa,colin,QR1,3,120,2026-09-30,2026-08-31,2016-09-30,2026-08-31,,-3.507788998946598,,unavailable,,2.1709012798964977e-05,ValueError: Unavailable required inputs
6896fea73c283c52ec3df2db2143d92e1dad9531a594c684d1d0adfc23fe05fa,colin,QR1,4,120,2026-09-30,2026-08-31,2016-09-30,2026-08-31,,-3.507788998946598,,unavailable,,2.4250010028481483e-05,ValueError: Unavailable required inputs
6896fea73c283c52ec3df2db2143d92e1dad9531a594c684d1d0adfc23fe05fa,colin,QR1,0,571,2026-09-30,2026-08-31,1979-02-28,2026-08-31,,-3.507788998946598,,unavailable,,5.349994171410799e-05,ValueError: Unavailable required inputs
6896fea73c283c52ec3df2db2143d92e1dad9531a594c684d1d0adfc23fe05fa,colin,QR1,1,571,2026-09-30,2026-08-31,1979-02-28,2026-08-31,,-3.507788998946598,,unavailable,,5.312496796250343e-05,ValueError: Unavailable required inputs
6896fea73c283c52ec3df2db2143d92e1dad9531a594c684d1d0adfc23fe05fa,colin,QR1,2,571,2026-09-30,2026-08-31,1979-02-28,2026-08-31,,-3.507788998946598,,unavailable,,4.62500611320138e-05,ValueError: Unavailable required inputs
6896fea73c283c52ec3df2db2143d92e1dad9531a594c684d1d0adfc23fe05fa,colin,QR1,3,571,2026-09-30,2026-08-31,1979-02-28,2026-08-31,,-3.507788998946598,,unavailable,,2.4833017960190773e-05,ValueError: Unavailable required inputs
6896fea73c283c52ec3df2db2143d92e1dad9531a594c684d1d0adfc23fe05fa,colin,QR1,4,571,2026-09-30,2026-08-31,1979-02-28,2026-08-31,,-3.507788998946598,,unavailable,,2.770894207060337e-05,ValueError: Unavailable required inputs
6896fea73c283c52ec3df2db2143d92e1dad9531a594c684d1d0adfc23fe05fa,colin,QR2,0,120,2026-09-30,2026-08-31,2016-09-30,2026-08-31,,-3.507788998946598,,unavailable,,2.0666979253292084e-05,ValueError: Unavailable required inputs
6896fea73c283c52ec3df2db2143d92e1dad9531a594c684d1d0adfc23fe05fa,colin,QR2,1,120,2026-09-30,2026-08-31,2016-09-30,2026-08-31,,-3.507788998946598,,unavailable,,2.3999949917197227e-05,ValueError: Unavailable required inputs
6896fea73c283c52ec3df2db2143d92e1dad9531a594c684d1d0adfc23fe05fa,colin,QR2,2,120,2026-09-30,2026-08-31,2016-09-30,2026-08-31,,-3.507788998946598,,unavailable,,2.0832987502217293e-05,ValueError: Unavailable required inputs
6896fea73c283c52ec3df2db2143d92e1dad9531a594c684d1d0adfc23fe05fa,colin,QR2,3,120,2026-09-30,2026-08-31,2016-09-30,2026-08-31,,-3.507788998946598,,unavailable,,1.737498678267002e-05,ValueError: Unavailable required inputs
6896fea73c283c52ec3df2db2143d92e1dad9531a594c684d1d0adfc23fe05fa,colin,QR2,4,120,2026-09-30,2026-08-31,2016-09-30,2026-08-31,,-3.507788998946598,,unavailable,,1.7000013031065464e-05,ValueError: Unavailable required inputs
6896fea73c283c52ec3df2db2143d92e1dad9531a594c684d1d0adfc23fe05fa,colin,QR2,0,571,2026-09-30,2026-08-31,1979-02-28,2026-08-31,,-3.507788998946598,,unavailable,,2.5875051505863667e-05,ValueError: Unavailable required inputs
6896fea73c283c52ec3df2db2143d92e1dad9531a594c684d1d0adfc23fe05fa,colin,QR2,1,571,2026-09-30,2026-08-31,1979-02-28,2026-08-31,,-3.507788998946598,,unavailable,,3.941706381738186e-05,ValueError: Unavailable required inputs
6896fea73c283c52ec3df2db2143d92e1dad9531a594c684d1d0adfc23fe05fa,colin,QR2,2,571,2026-09-30,2026-08-31,1979-02-28,2026-08-31,,-3.507788998946598,,unavailable,,2.6250025257468224e-05,ValueError: Unavailable required inputs
6896fea73c283c52ec3df2db2143d92e1dad9531a594c684d1d0adfc23fe05fa,colin,QR2,3,571,2026-09-30,2026-08-31,1979-02-28,2026-08-31,,-3.507788998946598,,unavailable,,2.0875013433396816e-05,ValueError: Unavailable required inputs
6896fea73c283c52ec3df2db2143d92e1dad9531a594c684d1d0adfc23fe05fa,colin,QR2,4,571,2026-09-30,2026-08-31,1979-02-28,2026-08-31,,-3.507788998946598,,unavailable,,1.8834020011126995e-05,ValueError: Unavailable required inputs
